x,y,value
0,0,0.60633
0,1,0.60633
0,2,0.60633
0,3,0.60633
0,4,0.60633
0,5,0.60633
0,6,0.60633
0,7,0.60633
0,8,0.60633
0,9,0.60633
0,10,0.60633
0,11,0.60633
0,12,0.60633
0,13,0.60633
0,14,0.60633
0,15,0.60633
0,16,0.60633
0,17,0.60633
0,18,0.60633
0,19,0.60633
0,20,0.60633
0,21,0.60633
0,22,0.60633
0,23,0.60633
0,24,0.60633
0,25,0.60633
0,26,0.60633
0,27,0.60633
0,28,0.60633
0,29,0.60633
0,30,0.60633
0,31,0.60633
0,32,0.60633
0,33,0.60633
0,34,0.60633
0,35,0.60633
1,0,0.60633
1,1,0.60633
1,2,0.60633
1,3,0.60633
1,4,0.60633
1,5,0.60633
1,6,0.60633
1,7,0.60633
1,8,0.60633
1,9,0.60633
1,10,0.60633
1,11,0.60633
1,12,0.60633
1,13,0.60633
1,14,0.60633
1,15,0.60633
1,16,0.60633
1,17,0.60633
1,18,0.60633
1,19,0.60633
1,20,0.60633
1,21,0.60633
1,22,0.60633
1,23,0.60633
1,24,0.60633
1,25,0.60633
1,26,0.60633
1,27,0.60633
1,28,0.60633
1,29,0.60633
1,30,0.60633
1,31,0.60633
1,32,0.60633
1,33,0.60633
1,34,0.60633
1,35,0.60633
2,0,0.60633
2,1,0.60633
2,2,0.60633
2,3,0.60633
2,4,0.60633
2,5,0.60633
2,6,0.60633
2,7,0.60633
2,8,0.60633
2,9,0.60633
2,10,0.60633
2,11,0.60633
2,12,0.60633
2,13,0.60633
2,14,0.60633
2,15,0.60633
2,16,0.60633
2,17,0.60633
2,18,0.60633
2,19,0.60633
2,20,0.60633
2,21,0.60633
2,22,0.60633
2,23,0.60633
2,24,0.60633
2,25,0.60633
2,26,0.60633
2,27,0.60633
2,28,0.60633
2,29,0.60633
2,30,0.60633
2,31,0.60633
2,32,0.60633
2,33,0.60633
2,34,0.60633
2,35,0.60633
3,0,0.60633
3,1,0.60633
3,2,0.60633
3,3,0.60633
3,4,0.60633
3,5,0.60633
3,6,0.60633
3,7,0.60633
3,8,0.60633
3,9,0.60633
3,10,0.60633
3,11,0.60633
3,12,0.60633
3,13,0.60633
3,14,0.60633
3,15,0.60633
3,16,0.60633
3,17,0.60633
3,18,0.60633
3,19,0.60633
3,20,0.60633
3,21,0.60633
3,22,0.60633
3,23,0.60633
3,24,0.60633
3,25,0.60633
3,26,0.60633
3,27,0.60633
3,28,0.60633
3,29,0.60633
3,30,0.60633
3,31,0.60633
3,32,0.60633
3,33,0.60633
3,34,0.60633
3,35,0.60633
4,0,0.60633
4,1,0.60633
4,2,0.60633
4,3,0.60633
4,4,0.60633
4,5,0.60633
4,6,0.60633
4,7,0.60633
4,8,0.60633
4,9,0.60633
4,10,0.60633
4,11,0.60633
4,12,0.60633
4,13,0.60633
4,14,0.60633
4,15,0.60633
4,16,0.60633
4,17,0.60633
4,18,0.60633
4,19,0.60633
4,20,0.60633
4,21,0.60633
4,22,0.60633
4,23,0.60633
4,24,0.60633
4,25,0.60633
4,26,0.60633
4,27,0.60633
4,28,0.60633
4,29,0.60633
4,30,0.60633
4,31,0.60633
4,32,0.60633
4,33,0.60633
4,34,0.60633
4,35,0.60633
5,0,0.60633
5,1,0.60633
5,2,0.60633
5,3,0.60633
5,4,0.60633
5,5,0.60633
5,6,0.60633
5,7,0.60633
5,8,0.60633
5,9,0.60633
5,10,0.60633
5,11,0.60633
5,12,0.60633
5,13,0.60633
5,14,0.60633
5,15,0.60633
5,16,0.60633
5,17,0.60633
5,18,0.60633
5,19,0.60633
5,20,0.60633
5,21,0.60633
5,22,0.60633
5,23,0.60633
5,24,0.60633
5,25,0.60633
5,26,0.60633
5,27,0.60633
5,28,0.60633
5,29,0.60633
5,30,0.60633
5,31,0.60633
5,32,0.60633
5,33,0.60633
5,34,0.60633
5,35,0.60633
6,0,0.60633
6,1,0.60633
6,2,0.60633
6,3,0.60633
6,4,0.60633
6,5,0.60633
6,6,0.60633
6,7,0.60633
6,8,0.60633
6,9,0.60633
6,10,0.60633
6,11,0.60633
6,12,0.60633
6,13,0.60633
6,14,0.60633
6,15,0.60633
6,16,0.60633
6,17,0.60633
6,18,0.60633
6,19,0.60633
6,20,0.60633
6,21,0.60633
6,22,0.60633
6,23,0.60633
6,24,0.60633
6,25,0.60633
6,26,0.60633
6,27,0.60633
6,28,0.60633
6,29,0.60633
6,30,0.60633
6,31,0.60633
6,32,0.60633
6,33,0.60633
6,34,0.60633
6,35,0.60633
7,0,0.60633
7,1,0.60633
7,2,0.60633
7,3,0.60633
7,4,0.60633
7,5,0.60633
7,6,0.60633
7,7,0.60633
7,8,0.60633
7,9,0.60633
7,10,0.60633
7,11,0.60633
7,12,0.60633
7,13,0.60633
7,14,0.60633
7,15,0.60633
7,16,0.60633
7,17,0.60633
7,18,0.60633
7,19,0.60633
7,20,0.60633
7,21,0.60633
7,22,0.60633
7,23,0.60633
7,24,0.60633
7,25,0.60633
7,26,0.60633
7,27,0.60633
7,28,0.60633
7,29,0.60633
7,30,0.60633
7,31,0.60633
7,32,0.60633
7,33,0.60633
7,34,0.60633
7,35,0.60633
8,0,0.60633
8,1,0.60633
8,2,0.60633
8,3,0.60633
8,4,0.60633
8,5,0.60633
8,6,0.60633
8,7,0.60633
8,8,0.60633
8,9,0.60633
8,10,0.60633
8,11,0.60633
8,12,0.60633
8,13,0.60633
8,14,0.60633
8,15,0.60633
8,16,0.60633
8,17,0.60633
8,18,0.60633
8,19,0.60633
8,20,0.60633
8,21,0.60633
8,22,0.60633
8,23,0.60633
8,24,0.60633
8,25,0.60633
8,26,0.60633
8,27,0.60633
8,28,0.60633
8,29,0.60633
8,30,0.60633
8,31,0.60633
8,32,0.60633
8,33,0.60633
8,34,0.60633
8,35,0.60633
9,0,0.60633
9,1,0.60633
9,2,0.60633
9,3,0.60633
9,4,0.60633
9,5,0.60633
9,6,0.60633
9,7,0.60633
9,8,0.60633
9,9,0.60633
9,10,0.60633
9,11,0.60633
9,12,0.60633
9,13,0.60633
9,14,0.60633
9,15,0.60633
9,16,0.60633
9,17,0.60633
9,18,0.60633
9,19,0.60633
9,20,0.60633
9,21,0.60633
9,22,0.60633
9,23,0.60633
9,24,0.60633
9,25,0.60633
9,26,0.60633
9,27,0.60633
9,28,0.60633
9,29,0.60633
9,30,0.60633
9,31,0.60633
9,32,0.60633
9,33,0.60633
9,34,0.60633
9,35,0.60633
10,0,0.60633
10,1,0.60633
10,2,0.60633
10,3,0.60633
10,4,0.60633
10,5,0.60633
10,6,0.60633
10,7,0.60633
10,8,0.60633
10,9,0.60633
10,10,0.60633
10,11,0.60633
10,12,0.60633
10,13,0.60633
10,14,0.60633
10,15,0.60633
10,16,0.60633
10,17,0.60633
10,18,0.60633
10,19,0.60633
10,20,0.60633
10,21,0.60633
10,22,0.60633
10,23,0.60633
10,24,0.60633
10,25,0.60633
10,26,0.60633
10,27,0.60633
10,28,0.60633
10,29,0.60633
10,30,0.60633
10,31,0.60633
10,32,0.60633
10,33,0.60633
10,34,0.60633
10,35,0.60633
11,0,0.60633
11,1,0.60633
11,2,0.60633
11,3,0.60633
11,4,0.60633
11,5,0.60633
11,6,0.60633
11,7,0.60633
11,8,0.60633
11,9,0.60633
11,10,0.60633
11,11,0.60633
11,12,0.60633
11,13,0.60633
11,14,0.60633
11,15,0.60633
11,16,0.60633
11,17,0.60633
11,18,0.60633
11,19,0.60633
11,20,0.60633
11,21,0.60633
11,22,0.60633
11,23,0.60633
11,24,0.60633
11,25,0.60633
11,26,0.60633
11,27,0.60633
11,28,0.60633
11,29,0.60633
11,30,0.60633
11,31,0.60633
11,32,0.60633
11,33,0.60633
11,34,0.60633
11,35,0.60633
12,0,0.60633
12,1,0.60633
12,2,0.60633
12,3,0.60633
12,4,0.60633
12,5,0.60633
12,6,0.60633
12,7,0.60633
12,8,0.60633
12,9,0.60633
12,10,0.60633
12,11,0.60633
12,12,0.60633
12,13,0.60633
12,14,0.60633
12,15,0.60633
12,16,0.60633
12,17,0.60633
12,18,0.60633
12,19,0.60633
12,20,0.60633
12,21,0.60633
12,22,0.60633
12,23,0.60633
12,24,0.60633
12,25,0.60633
12,26,0.60633
12,27,0.60633
12,28,0.60633
12,29,0.60633
12,30,0.60633
12,31,0.60633
12,32,0.60633
12,33,0.60633
12,34,0.60633
12,35,0.60633
13,0,0.60633
13,1,0.60633
13,2,0.60633
13,3,0.60633
13,4,0.60633
13,5,0.60633
13,6,0.60633
13,7,0.60633
13,8,0.60633
13,9,0.60633
13,10,0.60633
13,11,0.60633
13,12,0.60633
13,13,0.60633
13,14,0.60633
13,15,0.60633
13,16,0.60633
13,17,0.60633
13,18,0.60633
13,19,0.60633
13,20,0.60633
13,21,0.60633
13,22,0.60633
13,23,0.60633
13,24,0.60633
13,25,0.60633
13,26,0.60633
13,27,0.60633
13,28,0.60633
13,29,0.60633
13,30,0.60633
13,31,0.60633
13,32,0.60633
13,33,0.60633
13,34,0.60633
13,35,0.60633
14,0,0.60633
14,1,0.60633
14,2,0.60633
14,3,0.60633
14,4,0.60633
14,5,0.60633
14,6,0.60633
14,7,0.60633
14,8,0.60633
14,9,0.60633
14,10,0.60633
14,11,0.60633
14,12,0.60633
14,13,0.60633
14,14,0.60633
14,15,0.60633
14,16,0.60633
14,17,0.60633
14,18,0.60633
14,19,0.60633
14,20,0.60633
14,21,0.60633
14,22,0.60633
14,23,0.60633
14,24,0.60633
14,25,0.60633
14,26,0.60633
14,27,0.60633
14,28,0.60633
14,29,0.60633
14,30,0.60633
14,31,0.60633
14,32,0.60633
14,33,0.60633
14,34,0.60633
14,35,0.60633
15,0,0.60633
15,1,0.60633
15,2,0.60633
15,3,0.60633
15,4,0.60633
15,5,0.60633
15,6,0.60633
15,7,0.60633
15,8,0.60633
15,9,0.60633
15,10,0.60633
15,11,0.60633
15,12,0.60633
15,13,0.60633
15,14,0.60633
15,15,0.60633
15,16,0.60633
15,17,0.60633
15,18,0.60633
15,19,0.60633
15,20,0.60633
15,21,0.60633
15,22,0.60633
15,23,0.60633
15,24,0.60633
15,25,0.60633
15,26,0.60633
15,27,0.60633
15,28,0.60633
15,29,0.60633
15,30,0.60633
15,31,0.60633
15,32,0.60633
15,33,0.60633
15,34,0.60633
15,35,0.60633
16,0,0.60633
16,1,0.60633
16,2,0.60633
16,3,0.60633
16,4,0.60633
16,5,0.60633
16,6,0.60633
16,7,0.60633
16,8,0.60633
16,9,0.60633
16,10,0.60633
16,11,0.60633
16,12,0.60633
16,13,0.60633
16,14,0.60633
16,15,0.60633
16,16,0.60633
16,17,0.60633
16,18,0.60633
16,19,0.60633
16,20,0.60633
16,21,0.60633
16,22,0.60633
16,23,0.60633
16,24,0.60633
16,25,0.60633
16,26,0.60633
16,27,0.60633
16,28,0.60633
16,29,0.60633
16,30,0.60633
16,31,0.60633
16,32,0.60633
16,33,0.60633
16,34,0.60633
16,35,0.60633
17,0,0.60633
17,1,0.60633
17,2,0.60633
17,3,0.60633
17,4,0.60633
17,5,0.60633
17,6,0.60633
17,7,0.60633
17,8,0.60633
17,9,0.60633
17,10,0.60633
17,11,0.60633
17,12,0.60633
17,13,0.60633
17,14,0.60633
17,15,0.60633
17,16,0.60633
17,17,0.60633
17,18,0.60633
17,19,0.60633
17,20,0.60633
17,21,0.60633
17,22,0.60633
17,23,0.60633
17,24,0.60633
17,25,0.60633
17,26,0.60633
17,27,0.60633
17,28,0.60633
17,29,0.60633
17,30,0.60633
17,31,0.60633
17,32,0.60633
17,33,0.60633
17,34,0.60633
17,35,0.60633
18,0,0.60633
18,1,0.60633
18,2,0.60633
18,3,0.60633
18,4,0.60633
18,5,0.60633
18,6,0.60633
18,7,0.60633
18,8,0.60633
18,9,0.60633
18,10,0.60633
18,11,0.60633
18,12,0.60633
18,13,0.60633
18,14,0.60633
18,15,0.60633
18,16,0.60633
18,17,0.60633
18,18,0.60633
18,19,0.60633
18,20,0.60633
18,21,0.60633
18,22,0.60633
18,23,0.60633
18,24,0.60633
18,25,0.60633
18,26,0.60633
18,27,0.60633
18,28,0.60633
18,29,0.60633
18,30,0.60633
18,31,0.60633
18,32,0.60633
18,33,0.60633
18,34,0.60633
18,35,0.60633
19,0,0.60633
19,1,0.60633
19,2,0.60633
19,3,0.60633
19,4,0.60633
19,5,0.60633
19,6,0.60633
19,7,0.60633
19,8,0.60633
19,9,0.60633
19,10,0.60633
19,11,0.60633
19,12,0.60633
19,13,0.60633
19,14,0.60633
19,15,0.60633
19,16,0.60633
19,17,0.60633
19,18,0.60633
19,19,0.60633
19,20,0.60633
19,21,0.60633
19,22,0.60633
19,23,0.60633
19,24,0.60633
19,25,0.60633
19,26,0.60633
19,27,0.60633
19,28,0.60633
19,29,0.60633
19,30,0.60633
19,31,0.60633
19,32,0.60633
19,33,0.60633
19,34,0.60633
19,35,0.60633
20,0,0.60633
20,1,0.60633
20,2,0.60633
20,3,0.60633
20,4,0.60633
20,5,0.60633
20,6,0.60633
20,7,0.60633
20,8,0.60633
20,9,0.60633
20,10,0.60633
20,11,0.60633
20,12,0.60633
20,13,0.60633
20,14,0.60633
20,15,0.60633
20,16,0.60633
20,17,0.60633
20,18,0.60633
20,19,0.60633
20,20,0.60633
20,21,0.60633
20,22,0.60633
20,23,0.60633
20,24,0.60633
20,25,0.60633
20,26,0.60633
20,27,0.60633
20,28,0.60633
20,29,0.60633
20,30,0.60633
20,31,0.60633
20,32,0.60633
20,33,0.60633
20,34,0.60633
20,35,0.60633
21,0,0.60633
21,1,0.60633
21,2,0.60633
21,3,0.60633
21,4,0.60633
21,5,0.60633
21,6,0.60633
21,7,0.60633
21,8,0.60633
21,9,0.60633
21,10,0.60633
21,11,0.60633
21,12,0.60633
21,13,0.60633
21,14,0.60633
21,15,0.60633
21,16,0.60633
21,17,0.60633
21,18,0.60633
21,19,0.60633
21,20,0.60633
21,21,0.60633
21,22,0.60633
21,23,0.60633
21,24,0.60633
21,25,0.60633
21,26,0.60633
21,27,0.60633
21,28,0.60633
21,29,0.60633
21,30,0.60633
21,31,0.60633
21,32,0.60633
21,33,0.60633
21,34,0.60633
21,35,0.60633
22,0,0.60633
22,1,0.60633
22,2,0.60633
22,3,0.60633
22,4,0.60633
22,5,0.60633
22,6,0.60633
22,7,0.60633
22,8,0.60633
22,9,0.60633
22,10,0.60633
22,11,0.60633
22,12,0.60633
22,13,0.60633
22,14,0.60633
22,15,0.60633
22,16,0.60633
22,17,0.60633
22,18,0.60633
22,19,0.60633
22,20,0.60633
22,21,0.60633
22,22,0.60633
22,23,0.60633
22,24,0.60633
22,25,0.60633
22,26,0.60633
22,27,0.60633
22,28,0.60633
22,29,0.60633
22,30,0.60633
22,31,0.60633
22,32,0.60633
22,33,0.60633
22,34,0.60633
22,35,0.60633
23,0,0.60633
23,1,0.60633
23,2,0.60633
23,3,0.60633
23,4,0.60633
23,5,0.60633
23,6,0.60633
23,7,0.60633
23,8,0.60633
23,9,0.60633
23,10,0.60633
23,11,0.60633
23,12,0.60633
23,13,0.60633
23,14,0.60633
23,15,0.60633
23,16,0.60633
23,17,0.60633
23,18,0.60633
23,19,0.60633
23,20,0.60633
23,21,0.60633
23,22,0.60633
23,23,0.60633
23,24,0.60633
23,25,0.60633
23,26,0.60633
23,27,0.60633
23,28,0.60633
23,29,0.60633
23,30,0.60633
23,31,0.60633
23,32,0.60633
23,33,0.60633
23,34,0.60633
23,35,0.60633
24,0,0.60633
24,1,0.60633
24,2,0.60633
24,3,0.60633
24,4,0.60633
24,5,0.60633
24,6,0.60633
24,7,0.60633
24,8,0.60633
24,9,0.60633
24,10,0.60633
24,11,0.60633
24,12,0.60633
24,13,0.60633
24,14,0.60633
24,15,0.60633
24,16,0.60633
24,17,0.60633
24,18,0.60633
24,19,0.60633
24,20,0.60633
24,21,0.60633
24,22,0.60633
24,23,0.60633
24,24,0.60633
24,25,0.60633
24,26,0.60633
24,27,0.60633
24,28,0.60633
24,29,0.60633
24,30,0.60633
24,31,0.60633
24,32,0.60633
24,33,0.60633
24,34,0.60633
24,35,0.60633
25,0,0.60633
25,1,0.60633
25,2,0.60633
25,3,0.60633
25,4,0.60633
25,5,0.60633
25,6,0.60633
25,7,0.60633
25,8,0.60633
25,9,0.60633
25,10,0.60633
25,11,0.60633
25,12,0.60633
25,13,0.60633
25,14,0.60633
25,15,0.60633
25,16,0.60633
25,17,0.60633
25,18,0.60633
25,19,0.60633
25,20,0.60633
25,21,0.60633
25,22,0.60633
25,23,0.60633
25,24,0.60633
25,25,0.60633
25,26,0.60633
25,27,0.60633
25,28,0.60633
25,29,0.60633
25,30,0.60633
25,31,0.60633
25,32,0.60633
25,33,0.60633
25,34,0.60633
25,35,0.60633
26,0,0.60633
26,1,0.60633
26,2,0.60633
26,3,0.60633
26,4,0.60633
26,5,0.60633
26,6,0.60633
26,7,0.60633
26,8,0.60633
26,9,0.60633
26,10,0.60633
26,11,0.60633
26,12,0.60633
26,13,0.60633
26,14,0.60633
26,15,0.60633
26,16,0.60633
26,17,0.60633
26,18,0.60633
26,19,0.60633
26,20,0.60633
26,21,0.60633
26,22,0.60633
26,23,0.60633
26,24,0.60633
26,25,0.60633
26,26,0.60633
26,27,0.60633
26,28,0.60633
26,29,0.60633
26,30,0.60633
26,31,0.60633
26,32,0.60633
26,33,0.60633
26,34,0.60633
26,35,0.60633
27,0,0.60633
27,1,0.60633
27,2,0.60633
27,3,0.60633
27,4,0.60633
27,5,0.60633
27,6,0.60633
27,7,0.60633
27,8,0.60633
27,9,0.60633
27,10,0.60633
27,11,0.60633
27,12,0.60633
27,13,0.60633
27,14,0.60633
27,15,0.60633
27,16,0.60633
27,17,0.60633
27,18,0.60633
27,19,0.60633
27,20,0.60633
27,21,0.60633
27,22,0.60633
27,23,0.60633
27,24,0.60633
27,25,0.60633
27,26,0.60633
27,27,0.60633
27,28,0.60633
27,29,0.60633
27,30,0.60633
27,31,0.60633
27,32,0.60633
27,33,0.60633
27,34,0.60633
27,35,0.60633
28,0,0.60633
28,1,0.60633
28,2,0.60633
28,3,0.60633
28,4,0.60633
28,5,0.60633
28,6,0.60633
28,7,0.60633
28,8,0.60633
28,9,0.60633
28,10,0.60633
28,11,0.60633
28,12,0.60633
28,13,0.60633
28,14,0.60633
28,15,0.60633
28,16,0.60633
28,17,0.60633
28,18,0.60633
28,19,0.60633
28,20,0.60633
28,21,0.60633
28,22,0.60633
28,23,0.60633
28,24,0.60633
28,25,0.60633
28,26,0.60633
28,27,0.60633
28,28,0.60633
28,29,0.60633
28,30,0.60633
28,31,0.60633
28,32,0.60633
28,33,0.60633
28,34,0.60633
28,35,0.60633
29,0,0.60633
29,1,0.60633
29,2,0.60633
29,3,0.60633
29,4,0.60633
29,5,0.60633
29,6,0.60633
29,7,0.60633
29,8,0.60633
29,9,0.60633
29,10,0.60633
29,11,0.60633
29,12,0.60633
29,13,0.60633
29,14,0.60633
29,15,0.60633
29,16,0.60633
29,17,0.60633
29,18,0.60633
29,19,0.60633
29,20,0.60633
29,21,0.60633
29,22,0.60633
29,23,0.60633
29,24,0.60633
29,25,0.60633
29,26,0.60633
29,27,0.60633
29,28,0.60633
29,29,0.60633
29,30,0.60633
29,31,0.60633
29,32,0.60633
29,33,0.60633
29,34,0.60633
29,35,0.60633
30,0,0.60633
30,1,0.60633
30,2,0.60633
30,3,0.60633
30,4,0.60633
30,5,0.60633
30,6,0.60633
30,7,0.60633
30,8,0.60633
30,9,0.60633
30,10,0.60633
30,11,0.60633
30,12,0.60633
30,13,0.60633
30,14,0.60633
30,15,0.60633
30,16,0.60633
30,17,0.60633
30,18,0.60633
30,19,0.60633
30,20,0.60633
30,21,0.60633
30,22,0.60633
30,23,0.60633
30,24,0.60633
30,25,0.60633
30,26,0.60633
30,27,0.60633
30,28,0.60633
30,29,0.60633
30,30,0.60633
30,31,0.60633
30,32,0.60633
30,33,0.60633
30,34,0.60633
30,35,0.60633
31,0,0.60633
31,1,0.60633
31,2,0.60633
31,3,0.60633
31,4,0.60633
31,5,0.60633
31,6,0.60633
31,7,0.60633
31,8,0.60633
31,9,0.60633
31,10,0.60633
31,11,0.60633
31,12,0.60633
31,13,0.60633
31,14,0.60633
31,15,0.60633
31,16,0.60633
31,17,0.60633
31,18,0.60633
31,19,0.60633
31,20,0.60633
31,21,0.60633
31,22,0.60633
31,23,0.60633
31,24,0.60633
31,25,0.60633
31,26,0.60633
31,27,0.60633
31,28,0.60633
31,29,0.60633
31,30,0.60633
31,31,0.60633
31,32,0.60633
31,33,0.60633
31,34,0.60633
31,35,0.60633
32,0,0.60633
32,1,0.60633
32,2,0.60633
32,3,0.60633
32,4,0.60633
32,5,0.60633
32,6,0.60633
32,7,0.60633
32,8,0.60633
32,9,0.60633
32,10,0.60633
32,11,0.60633
32,12,0.60633
32,13,0.60633
32,14,0.60633
32,15,0.60633
32,16,0.60633
32,17,0.60633
32,18,0.60633
32,19,0.60633
32,20,0.60633
32,21,0.60633
32,22,0.60633
32,23,0.60633
32,24,0.60633
32,25,0.60633
32,26,0.60633
32,27,0.60633
32,28,0.60633
32,29,0.60633
32,30,0.60633
32,31,0.60633
32,32,0.60633
32,33,0.60633
32,34,0.60633
32,35,0.60633
33,0,0.60633
33,1,0.60633
33,2,0.60633
33,3,0.60633
33,4,0.60633
33,5,0.60633
33,6,0.60633
33,7,0.60633
33,8,0.60633
33,9,0.60633
33,10,0.60633
33,11,0.60633
33,12,0.60633
33,13,0.60633
33,14,0.60633
33,15,0.60633
33,16,0.60633
33,17,0.60633
33,18,0.60633
33,19,0.60633
33,20,0.60633
33,21,0.60633
33,22,0.60633
33,23,0.60633
33,24,0.60633
33,25,0.60633
33,26,0.60633
33,27,0.60633
33,28,0.60633
33,29,0.60633
33,30,0.60633
33,31,0.60633
33,32,0.60633
33,33,0.60633
33,34,0.60633
33,35,0.60633
34,0,0.60633
34,1,0.60633
34,2,0.60633
34,3,0.60633
34,4,0.60633
34,5,0.60633
34,6,0.60633
34,7,0.60633
34,8,0.60633
34,9,0.60633
34,10,0.60633
34,11,0.60633
34,12,0.60633
34,13,0.60633
34,14,0.60633
34,15,0.60633
34,16,0.60633
34,17,0.60633
34,18,0.60633
34,19,0.60633
34,20,0.60633
34,21,0.60633
34,22,0.60633
34,23,0.60633
34,24,0.60633
34,25,0.60633
34,26,0.60633
34,27,0.60633
34,28,0.60633
34,29,0.60633
34,30,0.60633
34,31,0.60633
34,32,0.60633
34,33,0.60633
34,34,0.60633
34,35,0.60633
35,0,0.60633
35,1,0.60633
35,2,0.60633
35,3,0.60633
35,4,0.60633
35,5,0.60633
35,6,0.60633
35,7,0.60633
35,8,0.60633
35,9,0.60633
35,10,0.60633
35,11,0.60633
35,12,0.60633
35,13,0.60633
35,14,0.60633
35,15,0.60633
35,16,0.60633
35,17,0.60633
35,18,0.60633
35,19,0.60633
35,20,0.60633
35,21,0.60633
35,22,0.60633
35,23,0.60633
35,24,0.60633
35,25,0.60633
35,26,0.60633
35,27,0.60633
35,28,0.60633
35,29,0.60633
35,30,0.60633
35,31,0.60633
35,32,0.60633
35,33,0.60633
35,34,0.60633
35,35,0.60633
36,0,0.60633
36,1,0.60633
36,2,0.60633
36,3,0.60633
36,4,0.60633
36,5,0.60633
36,6,0.60633
36,7,0.60633
36,8,0.60633
36,9,0.60633
36,10,0.60633
36,11,0.60633
36,12,0.60633
36,13,0.60633
36,14,0.60633
36,15,0.60633
36,16,0.60633
36,17,0.60633
36,18,0.60633
36,19,0.60633
36,20,0.60633
36,21,0.60633
36,22,0.60633
36,23,0.60633
36,24,0.60633
36,25,0.60633
36,26,0.60633
36,27,0.60633
36,28,0.60633
36,29,0.60633
36,30,0.60633
36,31,0.60633
36,32,0.60633
36,33,0.60633
36,34,0.60633
36,35,0.60633
37,0,0.60633
37,1,0.60633
37,2,0.60633
37,3,0.60633
37,4,0.60633
37,5,0.60633
37,6,0.60633
37,7,0.60633
37,8,0.60633
37,9,0.60633
37,10,0.60633
37,11,0.60633
37,12,0.60633
37,13,0.60633
37,14,0.60633
37,15,0.60633
37,16,0.60633
37,17,0.60633
37,18,0.60633
37,19,0.60633
37,20,0.60633
37,21,0.60633
37,22,0.60633
37,23,0.60633
37,24,0.60633
37,25,0.60633
37,26,0.60633
37,27,0.60633
37,28,0.60633
37,29,0.60633
37,30,0.60633
37,31,0.60633
37,32,0.60633
37,33,0.60633
37,34,0.60633
37,35,0.60633
38,0,0.60633
38,1,0.60633
38,2,0.60633
38,3,0.60633
38,4,0.60633
38,5,0.60633
38,6,0.60633
38,7,0.60633
38,8,0.60633
38,9,0.60633
38,10,0.60633
38,11,0.60633
38,12,0.60633
38,13,0.60633
38,14,0.60633
38,15,0.60633
38,16,0.60633
38,17,0.60633
38,18,0.60633
38,19,0.60633
38,20,0.60633
38,21,0.60633
38,22,0.60633
38,23,0.60633
38,24,0.60633
38,25,0.60633
38,26,0.60633
38,27,0.60633
38,28,0.60633
38,29,0.60633
38,30,0.60633
38,31,0.60633
38,32,0.60633
38,33,0.60633
38,34,0.60633
38,35,0.60633
39,0,0.60633
39,1,0.60633
39,2,0.60633
39,3,0.60633
39,4,0.60633
39,5,0.60633
39,6,0.60633
39,7,0.60633
39,8,0.60633
39,9,0.60633
39,10,0.60633
39,11,0.60633
39,12,0.60633
39,13,0.60633
39,14,0.60633
39,15,0.60633
39,16,0.60633
39,17,0.60633
39,18,0.60633
39,19,0.60633
39,20,0.60633
39,21,0.60633
39,22,0.60633
39,23,0.60633
39,24,0.60633
39,25,0.60633
39,26,0.60633
39,27,0.60633
39,28,0.60633
39,29,0.60633
39,30,0.60633
39,31,0.60633
39,32,0.60633
39,33,0.60633
39,34,0.60633
39,35,0.60633
40,0,0.60633
40,1,0.60633
40,2,0.60633
40,3,0.60633
40,4,0.60633
40,5,0.60633
40,6,0.60633
40,7,0.60633
40,8,0.60633
40,9,0.60633
40,10,0.60633
40,11,0.60633
40,12,0.60633
40,13,0.60633
40,14,0.60633
40,15,0.60633
40,16,0.60633
40,17,0.60633
40,18,0.60633
40,19,0.60633
40,20,0.60633
40,21,0.60633
40,22,0.60633
40,23,0.60633
40,24,0.60633
40,25,0.60633
40,26,0.60633
40,27,0.60633
40,28,0.60633
40,29,0.60633
40,30,0.60633
40,31,0.60633
40,32,0.60633
40,33,0.60633
40,34,0.60633
40,35,0.60633
41,0,0.60633
41,1,0.60633
41,2,0.60633
41,3,0.60633
41,4,0.60633
41,5,0.60633
41,6,0.60633
41,7,0.60633
41,8,0.60633
41,9,0.60633
41,10,0.60633
41,11,0.60633
41,12,0.60633
41,13,0.60633
41,14,0.60633
41,15,0.60633
41,16,0.60633
41,17,0.60633
41,18,0.60633
41,19,0.60633
41,20,0.60633
41,21,0.60633
41,22,0.60633
41,23,0.60633
41,24,0.60633
41,25,0.60633
41,26,0.60633
41,27,0.60633
41,28,0.60633
41,29,0.60633
41,30,0.60633
41,31,0.60633
41,32,0.60633
41,33,0.60633
41,34,0.60633
41,35,0.60633
42,0,0.60633
42,1,0.60633
42,2,0.60633
42,3,0.60633
42,4,0.60633
42,5,0.60633
42,6,0.60633
42,7,0.60633
42,8,0.60633
42,9,0.60633
42,10,0.60633
42,11,0.60633
42,12,0.60633
42,13,0.60633
42,14,0.60633
42,15,0.60633
42,16,0.60633
42,17,0.60633
42,18,0.60633
42,19,0.60633
42,20,0.60633
42,21,0.60633
42,22,0.60633
42,23,0.60633
42,24,0.60633
42,25,0.60633
42,26,0.60633
42,27,0.60633
42,28,0.60633
42,29,0.60633
42,30,0.60633
42,31,0.60633
42,32,0.60633
42,33,0.60633
42,34,0.60633
42,35,0.60633
43,0,0.60633
43,1,0.60633
43,2,0.60633
43,3,0.60633
43,4,0.60633
43,5,0.60633
43,6,0.60633
43,7,0.60633
43,8,0.60633
43,9,0.60633
43,10,0.60633
43,11,0.60633
43,12,0.60633
43,13,0.60633
43,14,0.60633
43,15,0.60633
43,16,0.60633
43,17,0.60633
43,18,0.60633
43,19,0.60633
43,20,0.60633
43,21,0.60633
43,22,0.60633
43,23,0.60633
43,24,0.60633
43,25,0.60633
43,26,0.60633
43,27,0.60633
43,28,0.60633
43,29,0.60633
43,30,0.60633
43,31,0.60633
43,32,0.60633
43,33,0.60633
43,34,0.60633
43,35,0.60633
44,0,0.60633
44,1,0.60633
44,2,0.60633
44,3,0.60633
44,4,0.60633
44,5,0.60633
44,6,0.60633
44,7,0.60633
44,8,0.60633
44,9,0.60633
44,10,0.60633
44,11,0.60633
44,12,0.60633
44,13,0.60633
44,14,0.60633
44,15,0.60633
44,16,0.60633
44,17,0.60633
44,18,0.60633
44,19,0.60633
44,20,0.60633
44,21,0.60633
44,22,0.60633
44,23,0.60633
44,24,0.60633
44,25,0.60633
44,26,0.60633
44,27,0.60633
44,28,0.60633
44,29,0.60633
44,30,0.60633
44,31,0.60633
44,32,0.60633
44,33,0.60633
44,34,0.60633
44,35,0.60633
45,0,0.60633
45,1,0.60633
45,2,0.60633
45,3,0.60633
45,4,0.60633
45,5,0.60633
45,6,0.60633
45,7,0.60633
45,8,0.60633
45,9,0.60633
45,10,0.60633
45,11,0.60633
45,12,0.60633
45,13,0.60633
45,14,0.60633
45,15,0.60633
45,16,0.60633
45,17,0.60633
45,18,0.60633
45,19,0.60633
45,20,0.60633
45,21,0.60633
45,22,0.60633
45,23,0.60633
45,24,0.60633
45,25,0.60633
45,26,0.60633
45,27,0.60633
45,28,0.60633
45,29,0.60633
45,30,0.60633
45,31,0.60633
45,32,0.60633
45,33,0.60633
45,34,0.60633
45,35,0.60633
46,0,0.60633
46,1,0.60633
46,2,0.60633
46,3,0.60633
46,4,0.60633
46,5,0.60633
46,6,0.60633
46,7,0.60633
46,8,0.60633
46,9,0.60633
46,10,0.60633
46,11,0.60633
46,12,0.60633
46,13,0.60633
46,14,0.60633
46,15,0.60633
46,16,0.60633
46,17,0.60633
46,18,0.60633
46,19,0.60633
46,20,0.60633
46,21,0.60633
46,22,0.60633
46,23,0.60633
46,24,0.60633
46,25,0.60633
46,26,0.60633
46,27,0.60633
46,28,0.60633
46,29,0.60633
46,30,0.60633
46,31,0.60633
46,32,0.60633
46,33,0.60633
46,34,0.60633
46,35,0.60633
47,0,0.60633
47,1,0.60633
47,2,0.60633
47,3,0.60633
47,4,0.60633
47,5,0.60633
47,6,0.60633
47,7,0.60633
47,8,0.60633
47,9,0.60633
47,10,0.60633
47,11,0.60633
47,12,0.60633
47,13,0.60633
47,14,0.60633
47,15,0.60633
47,16,0.60633
47,17,0.60633
47,18,0.60633
47,19,0.60633
47,20,0.60633
47,21,0.60633
47,22,0.60633
47,23,0.60633
47,24,0.60633
47,25,0.60633
47,26,0.60633
47,27,0.60633
47,28,0.60633
47,29,0.60633
47,30,0.60633
47,31,0.60633
47,32,0.60633
47,33,0.60633
47,34,0.60633
47,35,0.60633
48,0,0.60633
48,1,0.60633
48,2,0.60633
48,3,0.60633
48,4,0.60633
48,5,0.60633
48,6,0.60633
48,7,0.60633
48,8,0.60633
48,9,0.60633
48,10,0.60633
48,11,0.60633
48,12,0.60633
48,13,0.60633
48,14,0.60633
48,15,0.60633
48,16,0.60633
48,17,0.60633
48,18,0.60633
48,19,0.60633
48,20,0.60633
48,21,0.60633
48,22,0.60633
48,23,0.60633
48,24,0.60633
48,25,0.60633
48,26,0.60633
48,27,0.60633
48,28,0.60633
48,29,0.60633
48,30,0.60633
48,31,0.60633
48,32,0.60633
48,33,0.60633
48,34,0.60633
48,35,0.60633
49,0,0.60633
49,1,0.60633
49,2,0.60633
49,3,0.60633
49,4,0.60633
49,5,0.60633
49,6,0.60633
49,7,0.60633
49,8,0.60633
49,9,0.60633
49,10,0.60633
49,11,0.60633
49,12,0.60633
49,13,0.60633
49,14,0.60633
49,15,0.60633
49,16,0.60633
49,17,0.60633
49,18,0.60633
49,19,0.60633
49,20,0.60633
49,21,0.60633
49,22,0.60633
49,23,0.60633
49,24,0.60633
49,25,0.60633
49,26,0.60633
49,27,0.60633
49,28,0.60633
49,29,0.60633
49,30,0.60633
49,31,0.60633
49,32,0.60633
49,33,0.60633
49,34,0.60633
49,35,0.60633
50,0,0.60633
50,1,0.60633
50,2,0.60633
50,3,0.60633
50,4,0.60633
50,5,0.60633
50,6,0.60633
50,7,0.60633
50,8,0.60633
50,9,0.60633
50,10,0.60633
50,11,0.60633
50,12,0.60633
50,13,0.60633
50,14,0.60633
50,15,0.60633
50,16,0.60633
50,17,0.60633
50,18,0.60633
50,19,0.60633
50,20,0.60633
50,21,0.60633
50,22,0.60633
50,23,0.60633
50,24,0.60633
50,25,0.60633
50,26,0.60633
50,27,0.60633
50,28,0.60633
50,29,0.60633
50,30,0.60633
50,31,0.60633
50,32,0.60633
50,33,0.60633
50,34,0.60633
50,35,0.60633
51,0,0.60633
51,1,0.60633
51,2,0.60633
51,3,0.60633
51,4,0.60633
51,5,0.60633
51,6,0.60633
51,7,0.60633
51,8,0.60633
51,9,0.60633
51,10,0.60633
51,11,0.60633
51,12,0.60633
51,13,0.60633
51,14,0.60633
51,15,0.60633
51,16,0.60633
51,17,0.60633
51,18,0.60633
51,19,0.60633
51,20,0.60633
51,21,0.60633
51,22,0.60633
51,23,0.60633
51,24,0.60633
51,25,0.60633
51,26,0.60633
51,27,0.60633
51,28,0.60633
51,29,0.60633
51,30,0.60633
51,31,0.60633
51,32,0.60633
51,33,0.60633
51,34,0.60633
51,35,0.60633
52,0,0.60633
52,1,0.60633
52,2,0.60633
52,3,0.60633
52,4,0.60633
52,5,0.60633
52,6,0.60633
52,7,0.60633
52,8,0.60633
52,9,0.60633
52,10,0.60633
52,11,0.60633
52,12,0.60633
52,13,0.60633
52,14,0.60633
52,15,0.60633
52,16,0.60633
52,17,0.60633
52,18,0.60633
52,19,0.60633
52,20,0.60633
52,21,0.60633
52,22,0.60633
52,23,0.60633
52,24,0.60633
52,25,0.60633
52,26,0.60633
52,27,0.60633
52,28,0.60633
52,29,0.60633
52,30,0.60633
52,31,0.60633
52,32,0.60633
52,33,0.60633
52,34,0.60633
52,35,0.60633
53,0,0.60633
53,1,0.60633
53,2,0.60633
53,3,0.60633
53,4,0.60633
53,5,0.60633
53,6,0.60633
53,7,0.60633
53,8,0.60633
53,9,0.60633
53,10,0.60633
53,11,0.60633
53,12,0.60633
53,13,0.60633
53,14,0.60633
53,15,0.60633
53,16,0.60633
53,17,0.60633
53,18,0.60633
53,19,0.60633
53,20,0.60633
53,21,0.60633
53,22,0.60633
53,23,0.60633
53,24,0.60633
53,25,0.60633
53,26,0.60633
53,27,0.60633
53,28,0.60633
53,29,0.60633
53,30,0.60633
53,31,0.60633
53,32,0.60633
53,33,0.60633
53,34,0.60633
53,35,0.60633
54,0,0.60633
54,1,0.60633
54,2,0.60633
54,3,0.60633
54,4,0.60633
54,5,0.60633
54,6,0.60633
54,7,0.60633
54,8,0.60633
54,9,0.60633
54,10,0.60633
54,11,0.60633
54,12,0.60633
54,13,0.60633
54,14,0.60633
54,15,0.60633
54,16,0.60633
54,17,0.60633
54,18,0.60633
54,19,0.60633
54,20,0.60633
54,21,0.60633
54,22,0.60633
54,23,0.60633
54,24,0.60633
54,25,0.60633
54,26,0.60633
54,27,0.60633
54,28,0.60633
54,29,0.60633
54,30,0.60633
54,31,0.60633
54,32,0.60633
54,33,0.60633
54,34,0.60633
54,35,0.60633
55,0,0.60633
55,1,0.60633
55,2,0.60633
55,3,0.60633
55,4,0.60633
55,5,0.60633
55,6,0.60633
55,7,0.60633
55,8,0.60633
55,9,0.60633
55,10,0.60633
55,11,0.60633
55,12,0.60633
55,13,0.60633
55,14,0.60633
55,15,0.60633
55,16,0.60633
55,17,0.60633
55,18,0.60633
55,19,0.60633
55,20,0.60633
55,21,0.60633
55,22,0.60633
55,23,0.60633
55,24,0.60633
55,25,0.60633
55,26,0.60633
55,27,0.60633
55,28,0.60633
55,29,0.60633
55,30,0.60633
55,31,0.60633
55,32,0.60633
55,33,0.60633
55,34,0.60633
55,35,0.60633
56,0,0.60633
56,1,0.60633
56,2,0.60633
56,3,0.60633
56,4,0.60633
56,5,0.60633
56,6,0.60633
56,7,0.60633
56,8,0.60633
56,9,0.60633
56,10,0.60633
56,11,0.60633
56,12,0.60633
56,13,0.60633
56,14,0.60633
56,15,0.60633
56,16,0.60633
56,17,0.60633
56,18,0.60633
56,19,0.60633
56,20,0.60633
56,21,0.60633
56,22,0.60633
56,23,0.60633
56,24,0.60633
56,25,0.60633
56,26,0.60633
56,27,0.60633
56,28,0.60633
56,29,0.60633
56,30,0.60633
56,31,0.60633
56,32,0.60633
56,33,0.60633
56,34,0.60633
56,35,0.60633
57,0,0.60633
57,1,0.60633
57,2,0.60633
57,3,0.60633
57,4,0.60633
57,5,0.60633
57,6,0.60633
57,7,0.60633
57,8,0.60633
57,9,0.60633
57,10,0.60633
57,11,0.60633
57,12,0.60633
57,13,0.60633
57,14,0.60633
57,15,0.60633
57,16,0.60633
57,17,0.60633
57,18,0.60633
57,19,0.60633
57,20,0.60633
57,21,0.60633
57,22,0.60633
57,23,0.60633
57,24,0.60633
57,25,0.60633
57,26,0.60633
57,27,0.60633
57,28,0.60633
57,29,0.60633
57,30,0.60633
57,31,0.60633
57,32,0.60633
57,33,0.60633
57,34,0.60633
57,35,0.60633
58,0,0.60633
58,1,0.60633
58,2,0.60633
58,3,0.60633
58,4,0.60633
58,5,0.60633
58,6,0.60633
58,7,0.60633
58,8,0.60633
58,9,0.60633
58,10,0.60633
58,11,0.60633
58,12,0.60633
58,13,0.60633
58,14,0.60633
58,15,0.60633
58,16,0.60633
58,17,0.60633
58,18,0.60633
58,19,0.60633
58,20,0.60633
58,21,0.60633
58,22,0.60633
58,23,0.60633
58,24,0.60633
58,25,0.60633
58,26,0.60633
58,27,0.60633
58,28,0.60633
58,29,0.60633
58,30,0.60633
58,31,0.60633
58,32,0.60633
58,33,0.60633
58,34,0.60633
58,35,0.60633
59,0,0.60633
59,1,0.60633
59,2,0.60633
59,3,0.60633
59,4,0.60633
59,5,0.60633
59,6,0.60633
59,7,0.60633
59,8,0.60633
59,9,0.60633
59,10,0.60633
59,11,0.60633
59,12,0.60633
59,13,0.60633
59,14,0.60633
59,15,0.60633
59,16,0.60633
59,17,0.60633
59,18,0.60633
59,19,0.60633
59,20,0.60633
59,21,0.60633
59,22,0.60633
59,23,0.60633
59,24,0.60633
59,25,0.60633
59,26,0.60633
59,27,0.60633
59,28,0.60633
59,29,0.60633
59,30,0.60633
59,31,0.60633
59,32,0.60633
59,33,0.60633
59,34,0.60633
59,35,0.60633
60,0,0.60633
60,1,0.60633
60,2,0.60633
60,3,0.60633
60,4,0.60633
60,5,0.60633
60,6,0.60633
60,7,0.60633
60,8,0.60633
60,9,0.60633
60,10,0.60633
60,11,0.60633
60,12,0.60633
60,13,0.60633
60,14,0.60633
60,15,0.60633
60,16,0.60633
60,17,0.60633
60,18,0.60633
60,19,0.60633
60,20,0.60633
60,21,0.60633
60,22,0.60633
60,23,0.60633
60,24,0.60633
60,25,0.60633
60,26,0.60633
60,27,0.60633
60,28,0.60633
60,29,0.60633
60,30,0.60633
60,31,0.60633
60,32,0.60633
60,33,0.60633
60,34,0.60633
60,35,0.60633
61,0,0.60633
61,1,0.60633
61,2,0.60633
61,3,0.60633
61,4,0.60633
61,5,0.60633
61,6,0.60633
61,7,0.60633
61,8,0.60633
61,9,0.60633
61,10,0.60633
61,11,0.60633
61,12,0.60633
61,13,0.60633
61,14,0.60633
61,15,0.60633
61,16,0.60633
61,17,0.60633
61,18,0.60633
61,19,0.60633
61,20,0.60633
61,21,0.60633
61,22,0.60633
61,23,0.60633
61,24,0.60633
61,25,0.60633
61,26,0.60633
61,27,0.60633
61,28,0.60633
61,29,0.60633
61,30,0.60633
61,31,0.60633
61,32,0.60633
61,33,0.60633
61,34,0.60633
61,35,0.60633
62,0,0.60633
62,1,0.60633
62,2,0.60633
62,3,0.60633
62,4,0.60633
62,5,0.60633
62,6,0.60633
62,7,0.60633
62,8,0.60633
62,9,0.60633
62,10,0.60633
62,11,0.60633
62,12,0.60633
62,13,0.60633
62,14,0.60633
62,15,0.60633
62,16,0.60633
62,17,0.60633
62,18,0.60633
62,19,0.60633
62,20,0.60633
62,21,0.60633
62,22,0.60633
62,23,0.60633
62,24,0.60633
62,25,0.60633
62,26,0.60633
62,27,0.60633
62,28,0.60633
62,29,0.60633
62,30,0.60633
62,31,0.60633
62,32,0.60633
62,33,0.60633
62,34,0.60633
62,35,0.60633
63,0,0.60633
63,1,0.60633
63,2,0.60633
63,3,0.60633
63,4,0.60633
63,5,0.60633
63,6,0.60633
63,7,0.60633
63,8,0.60633
63,9,0.60633
63,10,0.60633
63,11,0.60633
63,12,0.60633
63,13,0.60633
63,14,0.60633
63,15,0.60633
63,16,0.60633
63,17,0.60633
63,18,0.60633
63,19,0.60633
63,20,0.60633
63,21,0.60633
63,22,0.60633
63,23,0.60633
63,24,0.60633
63,25,0.60633
63,26,0.60633
63,27,0.60633
63,28,0.60633
63,29,0.60633
63,30,0.60633
63,31,0.60633
63,32,0.60633
63,33,0.60633
63,34,0.60633
63,35,0.60633
64,0,0.60633
64,1,0.60633
64,2,0.60633
64,3,0.60633
64,4,0.60633
64,5,0.60633
64,6,0.60633
64,7,0.60633
64,8,0.60633
64,9,0.60633
64,10,0.60633
64,11,0.60633
64,12,0.60633
64,13,0.60633
64,14,0.60633
64,15,0.60633
64,16,0.60633
64,17,0.60633
64,18,0.60633
64,19,0.60633
64,20,0.60633
64,21,0.60633
64,22,0.60633
64,23,0.60633
64,24,0.60633
64,25,0.60633
64,26,0.60633
64,27,0.60633
64,28,0.60633
64,29,0.60633
64,30,0.60633
64,31,0.60633
64,32,0.60633
64,33,0.60633
64,34,0.60633
64,35,0.60633
65,0,0.60633
65,1,0.60633
65,2,0.60633
65,3,0.60633
65,4,0.60633
65,5,0.60633
65,6,0.60633
65,7,0.60633
65,8,0.60633
65,9,0.60633
65,10,0.60633
65,11,0.60633
65,12,0.60633
65,13,0.60633
65,14,0.60633
65,15,0.60633
65,16,0.60633
65,17,0.60633
65,18,0.60633
65,19,0.60633
65,20,0.60633
65,21,0.60633
65,22,0.60633
65,23,0.60633
65,24,0.60633
65,25,0.60633
65,26,0.60633
65,27,0.60633
65,28,0.60633
65,29,0.60633
65,30,0.60633
65,31,0.60633
65,32,0.60633
65,33,0.60633
65,34,0.60633
65,35,0.60633
66,0,0.60633
66,1,0.60633
66,2,0.60633
66,3,0.60633
66,4,0.60633
66,5,0.60633
66,6,0.60633
66,7,0.60633
66,8,0.60633
66,9,0.60633
66,10,0.60633
66,11,0.60633
66,12,0.60633
66,13,0.60633
66,14,0.60633
66,15,0.60633
66,16,0.60633
66,17,0.60633
66,18,0.60633
66,19,0.60633
66,20,0.60633
66,21,0.60633
66,22,0.60633
66,23,0.60633
66,24,0.60633
66,25,0.60633
66,26,0.60633
66,27,0.60633
66,28,0.60633
66,29,0.60633
66,30,0.60633
66,31,0.60633
66,32,0.60633
66,33,0.60633
66,34,0.60633
66,35,0.60633
67,0,0.60633
67,1,0.60633
67,2,0.60633
67,3,0.60633
67,4,0.60633
67,5,0.60633
67,6,0.60633
67,7,0.60633
67,8,0.60633
67,9,0.60633
67,10,0.60633
67,11,0.60633
67,12,0.60633
67,13,0.60633
67,14,0.60633
67,15,0.60633
67,16,0.60633
67,17,0.60633
67,18,0.60633
67,19,0.60633
67,20,0.60633
67,21,0.60633
67,22,0.60633
67,23,0.60633
67,24,0.60633
67,25,0.60633
67,26,0.60633
67,27,0.60633
67,28,0.60633
67,29,0.60633
67,30,0.60633
67,31,0.60633
67,32,0.60633
67,33,0.60633
67,34,0.60633
67,35,0.60633
68,0,0.60633
68,1,0.60633
68,2,0.60633
68,3,0.60633
68,4,0.60633
68,5,0.60633
68,6,0.60633
68,7,0.60633
68,8,0.60633
68,9,0.60633
68,10,0.60633
68,11,0.60633
68,12,0.60633
68,13,0.60633
68,14,0.60633
68,15,0.60633
68,16,0.60633
68,17,0.60633
68,18,0.60633
68,19,0.60633
68,20,0.60633
68,21,0.60633
68,22,0.60633
68,23,0.60633
68,24,0.60633
68,25,0.60633
68,26,0.60633
68,27,0.60633
68,28,0.60633
68,29,0.60633
68,30,0.60633
68,31,0.60633
68,32,0.60633
68,33,0.60633
68,34,0.60633
68,35,0.60633
69,0,0.60633
69,1,0.60633
69,2,0.60633
69,3,0.60633
69,4,0.60633
69,5,0.60633
69,6,0.60633
69,7,0.60633
69,8,0.60633
69,9,0.60633
69,10,0.60633
69,11,0.60633
69,12,0.60633
69,13,0.60633
69,14,0.60633
69,15,0.60633
69,16,0.60633
69,17,0.60633
69,18,0.60633
69,19,0.60633
69,20,0.60633
69,21,0.60633
69,22,0.60633
69,23,0.60633
69,24,0.60633
69,25,0.60633
69,26,0.60633
69,27,0.60633
69,28,0.60633
69,29,0.60633
69,30,0.60633
69,31,0.60633
69,32,0.60633
69,33,0.60633
69,34,0.60633
69,35,0.60633
70,0,0.60633
70,1,0.60633
70,2,0.60633
70,3,0.60633
70,4,0.60633
70,5,0.60633
70,6,0.60633
70,7,0.60633
70,8,0.60633
70,9,0.60633
70,10,0.60633
70,11,0.60633
70,12,0.60633
70,13,0.60633
70,14,0.60633
70,15,0.60633
70,16,0.60633
70,17,0.60633
70,18,0.60633
70,19,0.60633
70,20,0.60633
70,21,0.60633
70,22,0.60633
70,23,0.60633
70,24,0.60633
70,25,0.60633
70,26,0.60633
70,27,0.60633
70,28,0.60633
70,29,0.60633
70,30,0.60633
70,31,0.60633
70,32,0.60633
70,33,0.60633
70,34,0.60633
70,35,0.60633
71,0,0.60633
71,1,0.60633
71,2,0.60633
71,3,0.60633
71,4,0.60633
71,5,0.60633
71,6,0.60633
71,7,0.60633
71,8,0.60633
71,9,0.60633
71,10,0.60633
71,11,0.60633
71,12,0.60633
71,13,0.60633
71,14,0.60633
71,15,0.60633
71,16,0.60633
71,17,0.60633
71,18,0.60633
71,19,0.60633
71,20,0.60633
71,21,0.60633
71,22,0.60633
71,23,0.60633
71,24,0.60633
71,25,0.60633
71,26,0.60633
71,27,0.60633
71,28,0.60633
71,29,0.60633
71,30,0.60633
71,31,0.60633
71,32,0.60633
71,33,0.60633
71,34,0.60633
71,35,0.60633
72,0,0.60633
72,1,0.60633
72,2,0.60633
72,3,0.60633
72,4,0.60633
72,5,0.60633
72,6,0.60633
72,7,0.60633
72,8,0.60633
72,9,0.60633
72,10,0.60633
72,11,0.60633
72,12,0.60633
72,13,0.60633
72,14,0.60633
72,15,0.60633
72,16,0.60633
72,17,0.60633
72,18,0.60633
72,19,0.60633
72,20,0.60633
72,21,0.60633
72,22,0.60633
72,23,0.60633
72,24,0.60633
72,25,0.60633
72,26,0.60633
72,27,0.60633
72,28,0.60633
72,29,0.60633
72,30,0.60633
72,31,0.60633
72,32,0.60633
72,33,0.60633
72,34,0.60633
72,35,0.60633
73,0,0.60633
73,1,0.60633
73,2,0.60633
73,3,0.60633
73,4,0.60633
73,5,0.60633
73,6,0.60633
73,7,0.60633
73,8,0.60633
73,9,0.60633
73,10,0.60633
73,11,0.60633
73,12,0.60633
73,13,0.60633
73,14,0.60633
73,15,0.60633
73,16,0.60633
73,17,0.60633
73,18,0.60633
73,19,0.60633
73,20,0.60633
73,21,0.60633
73,22,0.60633
73,23,0.60633
73,24,0.60633
73,25,0.60633
73,26,0.60633
73,27,0.60633
73,28,0.60633
73,29,0.60633
73,30,0.60633
73,31,0.60633
73,32,0.60633
73,33,0.60633
73,34,0.60633
73,35,0.60633
74,0,0.60633
74,1,0.60633
74,2,0.60633
74,3,0.60633
74,4,0.60633
74,5,0.60633
74,6,0.60633
74,7,0.60633
74,8,0.60633
74,9,0.60633
74,10,0.60633
74,11,0.60633
74,12,0.60633
74,13,0.60633
74,14,0.60633
74,15,0.60633
74,16,0.60633
74,17,0.60633
74,18,0.60633
74,19,0.60633
74,20,0.60633
74,21,0.60633
74,22,0.60633
74,23,0.60633
74,24,0.60633
74,25,0.60633
74,26,0.60633
74,27,0.60633
74,28,0.60633
74,29,0.60633
74,30,0.60633
74,31,0.60633
74,32,0.60633
74,33,0.60633
74,34,0.60633
74,35,0.60633
75,0,0.60633
75,1,0.60633
75,2,0.60633
75,3,0.60633
75,4,0.60633
75,5,0.60633
75,6,0.60633
75,7,0.60633
75,8,0.60633
75,9,0.60633
75,10,0.60633
75,11,0.60633
75,12,0.60633
75,13,0.60633
75,14,0.60633
75,15,0.60633
75,16,0.60633
75,17,0.60633
75,18,0.60633
75,19,0.60633
75,20,0.60633
75,21,0.60633
75,22,0.60633
75,23,0.60633
75,24,0.60633
75,25,0.60633
75,26,0.60633
75,27,0.60633
75,28,0.60633
75,29,0.60633
75,30,0.60633
75,31,0.60633
75,32,0.60633
75,33,0.60633
75,34,0.60633
75,35,0.60633
76,0,0.60633
76,1,0.60633
76,2,0.60633
76,3,0.60633
76,4,0.60633
76,5,0.60633
76,6,0.60633
76,7,0.60633
76,8,0.60633
76,9,0.60633
76,10,0.60633
76,11,0.60633
76,12,0.60633
76,13,0.60633
76,14,0.60633
76,15,0.60633
76,16,0.60633
76,17,0.60633
76,18,0.60633
76,19,0.60633
76,20,0.60633
76,21,0.60633
76,22,0.60633
76,23,0.60633
76,24,0.60633
76,25,0.60633
76,26,0.60633
76,27,0.60633
76,28,0.60633
76,29,0.60633
76,30,0.60633
76,31,0.60633
76,32,0.60633
76,33,0.60633
76,34,0.60633
76,35,0.60633
77,0,0.60633
77,1,0.60633
77,2,0.60633
77,3,0.60633
77,4,0.60633
77,5,0.60633
77,6,0.60633
77,7,0.60633
77,8,0.60633
77,9,0.60633
77,10,0.60633
77,11,0.60633
77,12,0.60633
77,13,0.60633
77,14,0.60633
77,15,0.60633
77,16,0.60633
77,17,0.60633
77,18,0.60633
77,19,0.60633
77,20,0.60633
77,21,0.60633
77,22,0.60633
77,23,0.60633
77,24,0.60633
77,25,0.60633
77,26,0.60633
77,27,0.60633
77,28,0.60633
77,29,0.60633
77,30,0.60633
77,31,0.60633
77,32,0.60633
77,33,0.60633
77,34,0.60633
77,35,0.60633
78,0,0.60633
78,1,0.60633
78,2,0.60633
78,3,0.60633
78,4,0.60633
78,5,0.60633
78,6,0.60633
78,7,0.60633
78,8,0.60633
78,9,0.60633
78,10,0.60633
78,11,0.60633
78,12,0.60633
78,13,0.60633
78,14,0.60633
78,15,0.60633
78,16,0.60633
78,17,0.60633
78,18,0.60633
78,19,0.60633
78,20,0.60633
78,21,0.60633
78,22,0.60633
78,23,0.60633
78,24,0.60633
78,25,0.60633
78,26,0.60633
78,27,0.60633
78,28,0.60633
78,29,0.60633
78,30,0.60633
78,31,0.60633
78,32,0.60633
78,33,0.60633
78,34,0.60633
78,35,0.60633
79,0,0.60633
79,1,0.60633
79,2,0.60633
79,3,0.60633
79,4,0.60633
79,5,0.60633
79,6,0.60633
79,7,0.60633
79,8,0.60633
79,9,0.60633
79,10,0.60633
79,11,0.60633
79,12,0.60633
79,13,0.60633
79,14,0.60633
79,15,0.60633
79,16,0.60633
79,17,0.60633
79,18,0.60633
79,19,0.60633
79,20,0.60633
79,21,0.60633
79,22,0.60633
79,23,0.60633
79,24,0.60633
79,25,0.60633
79,26,0.60633
79,27,0.60633
79,28,0.60633
79,29,0.60633
79,30,0.60633
79,31,0.60633
79,32,0.60633
79,33,0.60633
79,34,0.60633
79,35,0.60633
80,0,0.60633
80,1,0.60633
80,2,0.60633
80,3,0.60633
80,4,0.60633
80,5,0.60633
80,6,0.60633
80,7,0.60633
80,8,0.60633
80,9,0.60633
80,10,0.60633
80,11,0.60633
80,12,0.60633
80,13,0.60633
80,14,0.60633
80,15,0.60633
80,16,0.60633
80,17,0.60633
80,18,0.60633
80,19,0.60633
80,20,0.60633
80,21,0.60633
80,22,0.60633
80,23,0.60633
80,24,0.60633
80,25,0.60633
80,26,0.60633
80,27,0.60633
80,28,0.60633
80,29,0.60633
80,30,0.60633
80,31,0.60633
80,32,0.60633
80,33,0.60633
80,34,0.60633
80,35,0.60633
81,0,0.60633
81,1,0.60633
81,2,0.60633
81,3,0.60633
81,4,0.60633
81,5,0.60633
81,6,0.60633
81,7,0.60633
81,8,0.60633
81,9,0.60633
81,10,0.60633
81,11,0.60633
81,12,0.60633
81,13,0.60633
81,14,0.60633
81,15,0.60633
81,16,0.60633
81,17,0.60633
81,18,0.60633
81,19,0.60633
81,20,0.60633
81,21,0.60633
81,22,0.60633
81,23,0.60633
81,24,0.60633
81,25,0.60633
81,26,0.60633
81,27,0.60633
81,28,0.60633
81,29,0.60633
81,30,0.60633
81,31,0.60633
81,32,0.60633
81,33,0.60633
81,34,0.60633
81,35,0.60633
82,0,0.60633
82,1,0.60633
82,2,0.60633
82,3,0.60633
82,4,0.60633
82,5,0.60633
82,6,0.60633
82,7,0.60633
82,8,0.60633
82,9,0.60633
82,10,0.60633
82,11,0.60633
82,12,0.60633
82,13,0.60633
82,14,0.60633
82,15,0.60633
82,16,0.60633
82,17,0.60633
82,18,0.60633
82,19,0.60633
82,20,0.60633
82,21,0.60633
82,22,0.60633
82,23,0.60633
82,24,0.60633
82,25,0.60633
82,26,0.60633
82,27,0.60633
82,28,0.60633
82,29,0.60633
82,30,0.60633
82,31,0.60633
82,32,0.60633
82,33,0.60633
82,34,0.60633
82,35,0.60633
83,0,0.60633
83,1,0.60633
83,2,0.60633
83,3,0.60633
83,4,0.60633
83,5,0.60633
83,6,0.60633
83,7,0.60633
83,8,0.60633
83,9,0.60633
83,10,0.60633
83,11,0.60633
83,12,0.60633
83,13,0.60633
83,14,0.60633
83,15,0.60633
83,16,0.60633
83,17,0.60633
83,18,0.60633
83,19,0.60633
83,20,0.60633
83,21,0.60633
83,22,0.60633
83,23,0.60633
83,24,0.60633
83,25,0.60633
83,26,0.60633
83,27,0.60633
83,28,0.60633
83,29,0.60633
83,30,0.60633
83,31,0.60633
83,32,0.60633
83,33,0.60633
83,34,0.60633
83,35,0.60633
84,0,0.60633
84,1,0.60633
84,2,0.60633
84,3,0.60633
84,4,0.60633
84,5,0.60633
84,6,0.60633
84,7,0.60633
84,8,0.60633
84,9,0.60633
84,10,0.60633
84,11,0.60633
84,12,0.60633
84,13,0.60633
84,14,0.60633
84,15,0.60633
84,16,0.60633
84,17,0.60633
84,18,0.60633
84,19,0.60633
84,20,0.60633
84,21,0.60633
84,22,0.60633
84,23,0.60633
84,24,0.60633
84,25,0.60633
84,26,0.60633
84,27,0.60633
84,28,0.60633
84,29,0.60633
84,30,0.60633
84,31,0.60633
84,32,0.60633
84,33,0.60633
84,34,0.60633
84,35,0.60633
85,0,0.60633
85,1,0.60633
85,2,0.60633
85,3,0.60633
85,4,0.60633
85,5,0.60633
85,6,0.60633
85,7,0.60633
85,8,0.60633
85,9,0.60633
85,10,0.60633
85,11,0.60633
85,12,0.60633
85,13,0.60633
85,14,0.60633
85,15,0.60633
85,16,0.60633
85,17,0.60633
85,18,0.60633
85,19,0.60633
85,20,0.60633
85,21,0.60633
85,22,0.60633
85,23,0.60633
85,24,0.60633
85,25,0.60633
85,26,0.60633
85,27,0.60633
85,28,0.60633
85,29,0.60633
85,30,0.60633
85,31,0.60633
85,32,0.60633
85,33,0.60633
85,34,0.60633
85,35,0.60633
86,0,0.60633
86,1,0.60633
86,2,0.60633
86,3,0.60633
86,4,0.60633
86,5,0.60633
86,6,0.60633
86,7,0.60633
86,8,0.60633
86,9,0.60633
86,10,0.60633
86,11,0.60633
86,12,0.60633
86,13,0.60633
86,14,0.60633
86,15,0.60633
86,16,0.60633
86,17,0.60633
86,18,0.60633
86,19,0.60633
86,20,0.60633
86,21,0.60633
86,22,0.60633
86,23,0.60633
86,24,0.60633
86,25,0.60633
86,26,0.60633
86,27,0.60633
86,28,0.60633
86,29,0.60633
86,30,0.60633
86,31,0.60633
86,32,0.60633
86,33,0.60633
86,34,0.60633
86,35,0.60633
87,0,0.60633
87,1,0.60633
87,2,0.60633
87,3,0.60633
87,4,0.60633
87,5,0.60633
87,6,0.60633
87,7,0.60633
87,8,0.60633
87,9,0.60633
87,10,0.60633
87,11,0.60633
87,12,0.60633
87,13,0.60633
87,14,0.60633
87,15,0.60633
87,16,0.60633
87,17,0.60633
87,18,0.60633
87,19,0.60633
87,20,0.60633
87,21,0.60633
87,22,0.60633
87,23,0.60633
87,24,0.60633
87,25,0.60633
87,26,0.60633
87,27,0.60633
87,28,0.60633
87,29,0.60633
87,30,0.60633
87,31,0.60633
87,32,0.60633
87,33,0.60633
87,34,0.60633
87,35,0.60633
88,0,0.60633
88,1,0.60633
88,2,0.60633
88,3,0.60633
88,4,0.60633
88,5,0.60633
88,6,0.60633
88,7,0.60633
88,8,0.60633
88,9,0.60633
88,10,0.60633
88,11,0.60633
88,12,0.60633
88,13,0.60633
88,14,0.60633
88,15,0.60633
88,16,0.60633
88,17,0.60633
88,18,0.60633
88,19,0.60633
88,20,0.60633
88,21,0.60633
88,22,0.60633
88,23,0.60633
88,24,0.60633
88,25,0.60633
88,26,0.60633
88,27,0.60633
88,28,0.60633
88,29,0.60633
88,30,0.60633
88,31,0.60633
88,32,0.60633
88,33,0.60633
88,34,0.60633
88,35,0.60633
89,0,0.60633
89,1,0.60633
89,2,0.60633
89,3,0.60633
89,4,0.60633
89,5,0.60633
89,6,0.60633
89,7,0.60633
89,8,0.60633
89,9,0.60633
89,10,0.60633
89,11,0.60633
89,12,0.60633
89,13,0.60633
89,14,0.60633
89,15,0.60633
89,16,0.60633
89,17,0.60633
89,18,0.60633
89,19,0.60633
89,20,0.60633
89,21,0.60633
89,22,0.60633
89,23,0.60633
89,24,0.60633
89,25,0.60633
89,26,0.60633
89,27,0.60633
89,28,0.60633
89,29,0.60633
89,30,0.60633
89,31,0.60633
89,32,0.60633
89,33,0.60633
89,34,0.60633
89,35,0.60633
90,0,0.60633
90,1,0.60633
90,2,0.60633
90,3,0.60633
90,4,0.60633
90,5,0.60633
90,6,0.60633
90,7,0.60633
90,8,0.60633
90,9,0.60633
90,10,0.60633
90,11,0.60633
90,12,0.60633
90,13,0.60633
90,14,0.60633
90,15,0.60633
90,16,0.60633
90,17,0.60633
90,18,0.60633
90,19,0.60633
90,20,0.60633
90,21,0.60633
90,22,0.60633
90,23,0.60633
90,24,0.60633
90,25,0.60633
90,26,0.60633
90,27,0.60633
90,28,0.60633
90,29,0.60633
90,30,0.60633
90,31,0.60633
90,32,0.60633
90,33,0.60633
90,34,0.60633
90,35,0.60633
91,0,0.60633
91,1,0.60633
91,2,0.60633
91,3,0.60633
91,4,0.60633
91,5,0.60633
91,6,0.60633
91,7,0.60633
91,8,0.60633
91,9,0.60633
91,10,0.60633
91,11,0.60633
91,12,0.60633
91,13,0.60633
91,14,0.60633
91,15,0.60633
91,16,0.60633
91,17,0.60633
91,18,0.60633
91,19,0.60633
91,20,0.60633
91,21,0.60633
91,22,0.60633
91,23,0.60633
91,24,0.60633
91,25,0.60633
91,26,0.60633
91,27,0.60633
91,28,0.60633
91,29,0.60633
91,30,0.60633
91,31,0.60633
91,32,0.60633
91,33,0.60633
91,34,0.60633
91,35,0.60633
92,0,0.60633
92,1,0.60633
92,2,0.60633
92,3,0.60633
92,4,0.60633
92,5,0.60633
92,6,0.60633
92,7,0.60633
92,8,0.60633
92,9,0.60633
92,10,0.60633
92,11,0.60633
92,12,0.60633
92,13,0.60633
92,14,0.60633
92,15,0.60633
92,16,0.60633
92,17,0.60633
92,18,0.60633
92,19,0.60633
92,20,0.60633
92,21,0.60633
92,22,0.60633
92,23,0.60633
92,24,0.60633
92,25,0.60633
92,26,0.60633
92,27,0.60633
92,28,0.60633
92,29,0.60633
92,30,0.60633
92,31,0.60633
92,32,0.60633
92,33,0.60633
92,34,0.60633
92,35,0.60633
93,0,0.60633
93,1,0.60633
93,2,0.60633
93,3,0.60633
93,4,0.60633
93,5,0.60633
93,6,0.60633
93,7,0.60633
93,8,0.60633
93,9,0.60633
93,10,0.60633
93,11,0.60633
93,12,0.60633
93,13,0.60633
93,14,0.60633
93,15,0.60633
93,16,0.60633
93,17,0.60633
93,18,0.60633
93,19,0.60633
93,20,0.60633
93,21,0.60633
93,22,0.60633
93,23,0.60633
93,24,0.60633
93,25,0.60633
93,26,0.60633
93,27,0.60633
93,28,0.60633
93,29,0.60633
93,30,0.60633
93,31,0.60633
93,32,0.60633
93,33,0.60633
93,34,0.60633
93,35,0.60633
94,0,0.60633
94,1,0.60633
94,2,0.60633
94,3,0.60633
94,4,0.60633
94,5,0.60633
94,6,0.60633
94,7,0.60633
94,8,0.60633
94,9,0.60633
94,10,0.60633
94,11,0.60633
94,12,0.60633
94,13,0.60633
94,14,0.60633
94,15,0.60633
94,16,0.60633
94,17,0.60633
94,18,0.60633
94,19,0.60633
94,20,0.60633
94,21,0.60633
94,22,0.60633
94,23,0.60633
94,24,0.60633
94,25,0.60633
94,26,0.60633
94,27,0.60633
94,28,0.60633
94,29,0.60633
94,30,0.60633
94,31,0.60633
94,32,0.60633
94,33,0.60633
94,34,0.60633
94,35,0.60633
95,0,0.60633
95,1,0.60633
95,2,0.60633
95,3,0.60633
95,4,0.60633
95,5,0.60633
95,6,0.60633
95,7,0.60633
95,8,0.60633
95,9,0.60633
95,10,0.60633
95,11,0.60633
95,12,0.60633
95,13,0.60633
95,14,0.60633
95,15,0.60633
95,16,0.60633
95,17,0.60633
95,18,0.60633
95,19,0.60633
95,20,0.60633
95,21,0.60633
95,22,0.60633
95,23,0.60633
95,24,0.60633
95,25,0.60633
95,26,0.60633
95,27,0.60633
95,28,0.60633
95,29,0.60633
95,30,0.60633
95,31,0.60633
95,32,0.60633
95,33,0.60633
95,34,0.60633
95,35,0.60633
96,0,0.60633
96,1,0.60633
96,2,0.60633
96,3,0.60633
96,4,0.60633
96,5,0.60633
96,6,0.60633
96,7,0.60633
96,8,0.60633
96,9,0.60633
96,10,0.60633
96,11,0.60633
96,12,0.60633
96,13,0.60633
96,14,0.60633
96,15,0.60633
96,16,0.60633
96,17,0.60633
96,18,0.60633
96,19,0.60633
96,20,0.60633
96,21,0.60633
96,22,0.60633
96,23,0.60633
96,24,0.60633
96,25,0.60633
96,26,0.60633
96,27,0.60633
96,28,0.60633
96,29,0.60633
96,30,0.60633
96,31,0.60633
96,32,0.60633
96,33,0.60633
96,34,0.60633
96,35,0.60633
97,0,0.60633
97,1,0.60633
97,2,0.60633
97,3,0.60633
97,4,0.60633
97,5,0.60633
97,6,0.60633
97,7,0.60633
97,8,0.60633
97,9,0.60633
97,10,0.60633
97,11,0.60633
97,12,0.60633
97,13,0.60633
97,14,0.60633
97,15,0.60633
97,16,0.60633
97,17,0.60633
97,18,0.60633
97,19,0.60633
97,20,0.60633
97,21,0.60633
97,22,0.60633
97,23,0.60633
97,24,0.60633
97,25,0.60633
97,26,0.60633
97,27,0.60633
97,28,0.60633
97,29,0.60633
97,30,0.60633
97,31,0.60633
97,32,0.60633
97,33,0.60633
97,34,0.60633
97,35,0.60633
98,0,0.60633
98,1,0.60633
98,2,0.60633
98,3,0.60633
98,4,0.60633
98,5,0.60633
98,6,0.60633
98,7,0.60633
98,8,0.60633
98,9,0.60633
98,10,0.60633
98,11,0.60633
98,12,0.60633
98,13,0.60633
98,14,0.60633
98,15,0.60633
98,16,0.60633
98,17,0.60633
98,18,0.60633
98,19,0.60633
98,20,0.60633
98,21,0.60633
98,22,0.60633
98,23,0.60633
98,24,0.60633
98,25,0.60633
98,26,0.60633
98,27,0.60633
98,28,0.60633
98,29,0.60633
98,30,0.60633
98,31,0.60633
98,32,0.60633
98,33,0.60633
98,34,0.60633
98,35,0.60633
99,0,0.60633
99,1,0.60633
99,2,0.60633
99,3,0.60633
99,4,0.60633
99,5,0.60633
99,6,0.60633
99,7,0.60633
99,8,0.60633
99,9,0.60633
99,10,0.60633
99,11,0.60633
99,12,0.60633
99,13,0.60633
99,14,0.60633
99,15,0.60633
99,16,0.60633
99,17,0.60633
99,18,0.60633
99,19,0.60633
99,20,0.60633
99,21,0.60633
99,22,0.60633
99,23,0.60633
99,24,0.60633
99,25,0.60633
99,26,0.60633
99,27,0.60633
99,28,0.60633
99,29,0.60633
99,30,0.60633
99,31,0.60633
99,32,0.60633
99,33,0.60633
99,34,0.60633
99,35,0.60633
100,0,0.60633
100,1,0.60633
100,2,0.60633
100,3,0.60633
100,4,0.60633
100,5,0.60633
100,6,0.60633
100,7,0.60633
100,8,0.60633
100,9,0.60633
100,10,0.60633
100,11,0.60633
100,12,0.60633
100,13,0.60633
100,14,0.60633
100,15,0.60633
100,16,0.60633
100,17,0.60633
100,18,0.60633
100,19,0.60633
100,20,0.60633
100,21,0.60633
100,22,0.60633
100,23,0.60633
100,24,0.60633
100,25,0.60633
100,26,0.60633
100,27,0.60633
100,28,0.60633
100,29,0.60633
100,30,0.60633
100,31,0.60633
100,32,0.60633
100,33,0.60633
100,34,0.60633
100,35,0.60633
101,0,0.60633
101,1,0.60633
101,2,0.60633
101,3,0.60633
101,4,0.60633
101,5,0.60633
101,6,0.60633
101,7,0.60633
101,8,0.60633
101,9,0.60633
101,10,0.60633
101,11,0.60633
101,12,0.60633
101,13,0.60633
101,14,0.60633
101,15,0.60633
101,16,0.60633
101,17,0.60633
101,18,0.60633
101,19,0.60633
101,20,0.60633
101,21,0.60633
101,22,0.60633
101,23,0.60633
101,24,0.60633
101,25,0.60633
101,26,0.60633
101,27,0.60633
101,28,0.60633
101,29,0.60633
101,30,0.60633
101,31,0.60633
101,32,0.60633
101,33,0.60633
101,34,0.60633
101,35,0.60633
102,0,0.60633
102,1,0.60633
102,2,0.60633
102,3,0.60633
102,4,0.60633
102,5,0.60633
102,6,0.60633
102,7,0.60633
102,8,0.60633
102,9,0.60633
102,10,0.60633
102,11,0.60633
102,12,0.60633
102,13,0.60633
102,14,0.60633
102,15,0.60633
102,16,0.60633
102,17,0.60633
102,18,0.60633
102,19,0.60633
102,20,0.60633
102,21,0.60633
102,22,0.60633
102,23,0.60633
102,24,0.60633
102,25,0.60633
102,26,0.60633
102,27,0.60633
102,28,0.60633
102,29,0.60633
102,30,0.60633
102,31,0.60633
102,32,0.60633
102,33,0.60633
102,34,0.60633
102,35,0.60633
103,0,0.60633
103,1,0.60633
103,2,0.60633
103,3,0.60633
103,4,0.60633
103,5,0.60633
103,6,0.60633
103,7,0.60633
103,8,0.60633
103,9,0.60633
103,10,0.60633
103,11,0.60633
103,12,0.60633
103,13,0.60633
103,14,0.60633
103,15,0.60633
103,16,0.60633
103,17,0.60633
103,18,0.60633
103,19,0.60633
103,20,0.60633
103,21,0.60633
103,22,0.60633
103,23,0.60633
103,24,0.60633
103,25,0.60633
103,26,0.60633
103,27,0.60633
103,28,0.60633
103,29,0.60633
103,30,0.60633
103,31,0.60633
103,32,0.60633
103,33,0.60633
103,34,0.60633
103,35,0.60633
104,0,0.60633
104,1,0.60633
104,2,0.60633
104,3,0.60633
104,4,0.60633
104,5,0.60633
104,6,0.60633
104,7,0.60633
104,8,0.60633
104,9,0.60633
104,10,0.60633
104,11,0.60633
104,12,0.60633
104,13,0.60633
104,14,0.60633
104,15,0.60633
104,16,0.60633
104,17,0.60633
104,18,0.60633
104,19,0.60633
104,20,0.60633
104,21,0.60633
104,22,0.60633
104,23,0.60633
104,24,0.60633
104,25,0.60633
104,26,0.60633
104,27,0.60633
104,28,0.60633
104,29,0.60633
104,30,0.60633
104,31,0.60633
104,32,0.60633
104,33,0.60633
104,34,0.60633
104,35,0.60633
105,0,0.60633
105,1,0.60633
105,2,0.60633
105,3,0.60633
105,4,0.60633
105,5,0.60633
105,6,0.60633
105,7,0.60633
105,8,0.60633
105,9,0.60633
105,10,0.60633
105,11,0.60633
105,12,0.60633
105,13,0.60633
105,14,0.60633
105,15,0.60633
105,16,0.60633
105,17,0.60633
105,18,0.60633
105,19,0.60633
105,20,0.60633
105,21,0.60633
105,22,0.60633
105,23,0.60633
105,24,0.60633
105,25,0.60633
105,26,0.60633
105,27,0.60633
105,28,0.60633
105,29,0.60633
105,30,0.60633
105,31,0.60633
105,32,0.60633
105,33,0.60633
105,34,0.60633
105,35,0.60633
106,0,0.60633
106,1,0.60633
106,2,0.60633
106,3,0.60633
106,4,0.60633
106,5,0.60633
106,6,0.60633
106,7,0.60633
106,8,0.60633
106,9,0.60633
106,10,0.60633
106,11,0.60633
106,12,0.60633
106,13,0.60633
106,14,0.60633
106,15,0.60633
106,16,0.60633
106,17,0.60633
106,18,0.60633
106,19,0.60633
106,20,0.60633
106,21,0.60633
106,22,0.60633
106,23,0.60633
106,24,0.60633
106,25,0.60633
106,26,0.60633
106,27,0.60633
106,28,0.60633
106,29,0.60633
106,30,0.60633
106,31,0.60633
106,32,0.60633
106,33,0.60633
106,34,0.60633
106,35,0.60633
107,0,0.60633
107,1,0.60633
107,2,0.60633
107,3,0.60633
107,4,0.60633
107,5,0.60633
107,6,0.60633
107,7,0.60633
107,8,0.60633
107,9,0.60633
107,10,0.60633
107,11,0.60633
107,12,0.60633
107,13,0.60633
107,14,0.60633
107,15,0.60633
107,16,0.60633
107,17,0.60633
107,18,0.60633
107,19,0.60633
107,20,0.60633
107,21,0.60633
107,22,0.60633
107,23,0.60633
107,24,0.60633
107,25,0.60633
107,26,0.60633
107,27,0.60633
107,28,0.60633
107,29,0.60633
107,30,0.60633
107,31,0.60633
107,32,0.60633
107,33,0.60633
107,34,0.60633
107,35,0.60633
108,0,0.60633
108,1,0.60633
108,2,0.60633
108,3,0.60633
108,4,0.60633
108,5,0.60633
108,6,0.60633
108,7,0.60633
108,8,0.60633
108,9,0.60633
108,10,0.60633
108,11,0.60633
108,12,0.60633
108,13,0.60633
108,14,0.60633
108,15,0.60633
108,16,0.60633
108,17,0.60633
108,18,0.60633
108,19,0.60633
108,20,0.60633
108,21,0.60633
108,22,0.60633
108,23,0.60633
108,24,0.60633
108,25,0.60633
108,26,0.60633
108,27,0.60633
108,28,0.60633
108,29,0.60633
108,30,0.60633
108,31,0.60633
108,32,0.60633
108,33,0.60633
108,34,0.60633
108,35,0.60633
109,0,0.60633
109,1,0.60633
109,2,0.60633
109,3,0.60633
109,4,0.60633
109,5,0.60633
109,6,0.60633
109,7,0.60633
109,8,0.60633
109,9,0.60633
109,10,0.60633
109,11,0.60633
109,12,0.60633
109,13,0.60633
109,14,0.60633
109,15,0.60633
109,16,0.60633
109,17,0.60633
109,18,0.60633
109,19,0.60633
109,20,0.60633
109,21,0.60633
109,22,0.60633
109,23,0.60633
109,24,0.60633
109,25,0.60633
109,26,0.60633
109,27,0.60633
109,28,0.60633
109,29,0.60633
109,30,0.60633
109,31,0.60633
109,32,0.60633
109,33,0.60633
109,34,0.60633
109,35,0.60633
110,0,0.60633
110,1,0.60633
110,2,0.60633
110,3,0.60633
110,4,0.60633
110,5,0.60633
110,6,0.60633
110,7,0.60633
110,8,0.60633
110,9,0.60633
110,10,0.60633
110,11,0.60633
110,12,0.60633
110,13,0.60633
110,14,0.60633
110,15,0.60633
110,16,0.60633
110,17,0.60633
110,18,0.60633
110,19,0.60633
110,20,0.60633
110,21,0.60633
110,22,0.60633
110,23,0.60633
110,24,0.60633
110,25,0.60633
110,26,0.60633
110,27,0.60633
110,28,0.60633
110,29,0.60633
110,30,0.60633
110,31,0.60633
110,32,0.60633
110,33,0.60633
110,34,0.60633
110,35,0.60633
111,0,0.60633
111,1,0.60633
111,2,0.60633
111,3,0.60633
111,4,0.60633
111,5,0.60633
111,6,0.60633
111,7,0.60633
111,8,0.60633
111,9,0.60633
111,10,0.60633
111,11,0.60633
111,12,0.60633
111,13,0.60633
111,14,0.60633
111,15,0.60633
111,16,0.60633
111,17,0.60633
111,18,0.60633
111,19,0.60633
111,20,0.60633
111,21,0.60633
111,22,0.60633
111,23,0.60633
111,24,0.60633
111,25,0.60633
111,26,0.60633
111,27,0.60633
111,28,0.60633
111,29,0.60633
111,30,0.60633
111,31,0.60633
111,32,0.60633
111,33,0.60633
111,34,0.60633
111,35,0.60633
112,0,0.60633
112,1,0.60633
112,2,0.60633
112,3,0.60633
112,4,0.60633
112,5,0.60633
112,6,0.60633
112,7,0.60633
112,8,0.60633
112,9,0.60633
112,10,0.60633
112,11,0.60633
112,12,0.60633
112,13,0.60633
112,14,0.60633
112,15,0.60633
112,16,0.60633
112,17,0.60633
112,18,0.60633
112,19,0.60633
112,20,0.60633
112,21,0.60633
112,22,0.60633
112,23,0.60633
112,24,0.60633
112,25,0.60633
112,26,0.60633
112,27,0.60633
112,28,0.60633
112,29,0.60633
112,30,0.60633
112,31,0.60633
112,32,0.60633
112,33,0.60633
112,34,0.60633
112,35,0.60633
113,0,0.60633
113,1,0.60633
113,2,0.60633
113,3,0.60633
113,4,0.60633
113,5,0.60633
113,6,0.60633
113,7,0.60633
113,8,0.60633
113,9,0.60633
113,10,0.60633
113,11,0.60633
113,12,0.60633
113,13,0.60633
113,14,0.60633
113,15,0.60633
113,16,0.60633
113,17,0.60633
113,18,0.60633
113,19,0.60633
113,20,0.60633
113,21,0.60633
113,22,0.60633
113,23,0.60633
113,24,0.60633
113,25,0.60633
113,26,0.60633
113,27,0.60633
113,28,0.60633
113,29,0.60633
113,30,0.60633
113,31,0.60633
113,32,0.60633
113,33,0.60633
113,34,0.60633
113,35,0.60633
114,0,0.60633
114,1,0.60633
114,2,0.60633
114,3,0.60633
114,4,0.60633
114,5,0.60633
114,6,0.60633
114,7,0.60633
114,8,0.60633
114,9,0.60633
114,10,0.60633
114,11,0.60633
114,12,0.60633
114,13,0.60633
114,14,0.60633
114,15,0.60633
114,16,0.60633
114,17,0.60633
114,18,0.60633
114,19,0.60633
114,20,0.60633
114,21,0.60633
114,22,0.60633
114,23,0.60633
114,24,0.60633
114,25,0.60633
114,26,0.60633
114,27,0.60633
114,28,0.60633
114,29,0.60633
114,30,0.60633
114,31,0.60633
114,32,0.60633
114,33,0.60633
114,34,0.60633
114,35,0.60633
115,0,0.60633
115,1,0.60633
115,2,0.60633
115,3,0.60633
115,4,0.60633
115,5,0.60633
115,6,0.60633
115,7,0.60633
115,8,0.60633
115,9,0.60633
115,10,0.60633
115,11,0.60633
115,12,0.60633
115,13,0.60633
115,14,0.60633
115,15,0.60633
115,16,0.60633
115,17,0.60633
115,18,0.60633
115,19,0.60633
115,20,0.60633
115,21,0.60633
115,22,0.60633
115,23,0.60633
115,24,0.60633
115,25,0.60633
115,26,0.60633
115,27,0.60633
115,28,0.60633
115,29,0.60633
115,30,0.60633
115,31,0.60633
115,32,0.60633
115,33,0.60633
115,34,0.60633
115,35,0.60633
116,0,0.60633
116,1,0.60633
116,2,0.60633
116,3,0.60633
116,4,0.60633
116,5,0.60633
116,6,0.60633
116,7,0.60633
116,8,0.60633
116,9,0.60633
116,10,0.60633
116,11,0.60633
116,12,0.60633
116,13,0.60633
116,14,0.60633
116,15,0.60633
116,16,0.60633
116,17,0.60633
116,18,0.60633
116,19,0.60633
116,20,0.60633
116,21,0.60633
116,22,0.60633
116,23,0.60633
116,24,0.60633
116,25,0.60633
116,26,0.60633
116,27,0.60633
116,28,0.60633
116,29,0.60633
116,30,0.60633
116,31,0.60633
116,32,0.60633
116,33,0.60633
116,34,0.60633
116,35,0.60633
117,0,0.60633
117,1,0.60633
117,2,0.60633
117,3,0.60633
117,4,0.60633
117,5,0.60633
117,6,0.60633
117,7,0.60633
117,8,0.60633
117,9,0.60633
117,10,0.60633
117,11,0.60633
117,12,0.60633
117,13,0.60633
117,14,0.60633
117,15,0.60633
117,16,0.60633
117,17,0.60633
117,18,0.60633
117,19,0.60633
117,20,0.60633
117,21,0.60633
117,22,0.60633
117,23,0.60633
117,24,0.60633
117,25,0.60633
117,26,0.60633
117,27,0.60633
117,28,0.60633
117,29,0.60633
117,30,0.60633
117,31,0.60633
117,32,0.60633
117,33,0.60633
117,34,0.60633
117,35,0.60633
118,0,0.60633
118,1,0.60633
118,2,0.60633
118,3,0.60633
118,4,0.60633
118,5,0.60633
118,6,0.60633
118,7,0.60633
118,8,0.60633
118,9,0.60633
118,10,0.60633
118,11,0.60633
118,12,0.60633
118,13,0.60633
118,14,0.60633
118,15,0.60633
118,16,0.60633
118,17,0.60633
118,18,0.60633
118,19,0.60633
118,20,0.60633
118,21,0.60633
118,22,0.60633
118,23,0.60633
118,24,0.60633
118,25,0.60633
118,26,0.60633
118,27,0.60633
118,28,0.60633
118,29,0.60633
118,30,0.60633
118,31,0.60633
118,32,0.60633
118,33,0.60633
118,34,0.60633
118,35,0.60633
119,0,0.60633
119,1,0.60633
119,2,0.60633
119,3,0.60633
119,4,0.60633
119,5,0.60633
119,6,0.60633
119,7,0.60633
119,8,0.60633
119,9,0.60633
119,10,0.60633
119,11,0.60633
119,12,0.60633
119,13,0.60633
119,14,0.60633
119,15,0.60633
119,16,0.60633
119,17,0.60633
119,18,0.60633
119,19,0.60633
119,20,0.60633
119,21,0.60633
119,22,0.60633
119,23,0.60633
119,24,0.60633
119,25,0.60633
119,26,0.60633
119,27,0.60633
119,28,0.60633
119,29,0.60633
119,30,0.60633
119,31,0.60633
119,32,0.60633
119,33,0.60633
119,34,0.60633
119,35,0.60633
120,0,0.60633
120,1,0.60633
120,2,0.60633
120,3,0.60633
120,4,0.60633
120,5,0.60633
120,6,0.60633
120,7,0.60633
120,8,0.60633
120,9,0.60633
120,10,0.60633
120,11,0.60633
120,12,0.60633
120,13,0.60633
120,14,0.60633
120,15,0.60633
120,16,0.60633
120,17,0.60633
120,18,0.60633
120,19,0.60633
120,20,0.60633
120,21,0.60633
120,22,0.60633
120,23,0.60633
120,24,0.60633
120,25,0.60633
120,26,0.60633
120,27,0.60633
120,28,0.60633
120,29,0.60633
120,30,0.60633
120,31,0.60633
120,32,0.60633
120,33,0.60633
120,34,0.60633
120,35,0.60633
121,0,0.60633
121,1,0.60633
121,2,0.60633
121,3,0.60633
121,4,0.60633
121,5,0.60633
121,6,0.60633
121,7,0.60633
121,8,0.60633
121,9,0.60633
121,10,0.60633
121,11,0.60633
121,12,0.60633
121,13,0.60633
121,14,0.60633
121,15,0.60633
121,16,0.60633
121,17,0.60633
121,18,0.60633
121,19,0.60633
121,20,0.60633
121,21,0.60633
121,22,0.60633
121,23,0.60633
121,24,0.60633
121,25,0.60633
121,26,0.60633
121,27,0.60633
121,28,0.60633
121,29,0.60633
121,30,0.60633
121,31,0.60633
121,32,0.60633
121,33,0.60633
121,34,0.60633
121,35,0.60633
122,0,0.60633
122,1,0.60633
122,2,0.60633
122,3,0.60633
122,4,0.60633
122,5,0.60633
122,6,0.60633
122,7,0.60633
122,8,0.60633
122,9,0.60633
122,10,0.60633
122,11,0.60633
122,12,0.60633
122,13,0.60633
122,14,0.60633
122,15,0.60633
122,16,0.60633
122,17,0.60633
122,18,0.60633
122,19,0.60633
122,20,0.60633
122,21,0.60633
122,22,0.60633
122,23,0.60633
122,24,0.60633
122,25,0.60633
122,26,0.60633
122,27,0.60633
122,28,0.60633
122,29,0.60633
122,30,0.60633
122,31,0.60633
122,32,0.60633
122,33,0.60633
122,34,0.60633
122,35,0.60633
123,0,0.60633
123,1,0.60633
123,2,0.60633
123,3,0.60633
123,4,0.60633
123,5,0.60633
123,6,0.60633
123,7,0.60633
123,8,0.60633
123,9,0.60633
123,10,0.60633
123,11,0.60633
123,12,0.60633
123,13,0.60633
123,14,0.60633
123,15,0.60633
123,16,0.60633
123,17,0.60633
123,18,0.60633
123,19,0.60633
123,20,0.60633
123,21,0.60633
123,22,0.60633
123,23,0.60633
123,24,0.60633
123,25,0.60633
123,26,0.60633
123,27,0.60633
123,28,0.60633
123,29,0.60633
123,30,0.60633
123,31,0.60633
123,32,0.60633
123,33,0.60633
123,34,0.60633
123,35,0.60633
124,0,0.60633
124,1,0.60633
124,2,0.60633
124,3,0.60633
124,4,0.60633
124,5,0.60633
124,6,0.60633
124,7,0.60633
124,8,0.60633
124,9,0.60633
124,10,0.60633
124,11,0.60633
124,12,0.60633
124,13,0.60633
124,14,0.60633
124,15,0.60633
124,16,0.60633
124,17,0.60633
124,18,0.60633
124,19,0.60633
124,20,0.60633
124,21,0.60633
124,22,0.60633
124,23,0.60633
124,24,0.60633
124,25,0.60633
124,26,0.60633
124,27,0.60633
124,28,0.60633
124,29,0.60633
124,30,0.60633
124,31,0.60633
124,32,0.60633
124,33,0.60633
124,34,0.60633
124,35,0.60633
125,0,0.60633
125,1,0.60633
125,2,0.60633
125,3,0.60633
125,4,0.60633
125,5,0.60633
125,6,0.60633
125,7,0.60633
125,8,0.60633
125,9,0.60633
125,10,0.60633
125,11,0.60633
125,12,0.60633
125,13,0.60633
125,14,0.60633
125,15,0.60633
125,16,0.60633
125,17,0.60633
125,18,0.60633
125,19,0.60633
125,20,0.60633
125,21,0.60633
125,22,0.60633
125,23,0.60633
125,24,0.60633
125,25,0.60633
125,26,0.60633
125,27,0.60633
125,28,0.60633
125,29,0.60633
125,30,0.60633
125,31,0.60633
125,32,0.60633
125,33,0.60633
125,34,0.60633
125,35,0.60633
126,0,0.60633
126,1,0.60633
126,2,0.60633
126,3,0.60633
126,4,0.60633
126,5,0.60633
126,6,0.60633
126,7,0.60633
126,8,0.60633
126,9,0.60633
126,10,0.60633
126,11,0.60633
126,12,0.60633
126,13,0.60633
126,14,0.60633
126,15,0.60633
126,16,0.60633
126,17,0.60633
126,18,0.60633
126,19,0.60633
126,20,0.60633
126,21,0.60633
126,22,0.60633
126,23,0.60633
126,24,0.60633
126,25,0.60633
126,26,0.60633
126,27,0.60633
126,28,0.60633
126,29,0.60633
126,30,0.60633
126,31,0.60633
126,32,0.60633
126,33,0.60633
126,34,0.60633
126,35,0.60633
127,0,0.60633
127,1,0.60633
127,2,0.60633
127,3,0.60633
127,4,0.60633
127,5,0.60633
127,6,0.60633
127,7,0.60633
127,8,0.60633
127,9,0.60633
127,10,0.60633
127,11,0.60633
127,12,0.60633
127,13,0.60633
127,14,0.60633
127,15,0.60633
127,16,0.60633
127,17,0.60633
127,18,0.60633
127,19,0.60633
127,20,0.60633
127,21,0.60633
127,22,0.60633
127,23,0.60633
127,24,0.60633
127,25,0.60633
127,26,0.60633
127,27,0.60633
127,28,0.60633
127,29,0.60633
127,30,0.60633
127,31,0.60633
127,32,0.60633
127,33,0.60633
127,34,0.60633
127,35,0.60633
128,0,0.60633
128,1,0.60633
128,2,0.60633
128,3,0.60633
128,4,0.60633
128,5,0.60633
128,6,0.60633
128,7,0.60633
128,8,0.60633
128,9,0.60633
128,10,0.60633
128,11,0.60633
128,12,0.60633
128,13,0.60633
128,14,0.60633
128,15,0.60633
128,16,0.60633
128,17,0.60633
128,18,0.60633
128,19,0.60633
128,20,0.60633
128,21,0.60633
128,22,0.60633
128,23,0.60633
128,24,0.60633
128,25,0.60633
128,26,0.60633
128,27,0.60633
128,28,0.60633
128,29,0.60633
128,30,0.60633
128,31,0.60633
128,32,0.60633
128,33,0.60633
128,34,0.60633
128,35,0.60633
129,0,0.60633
129,1,0.60633
129,2,0.60633
129,3,0.60633
129,4,0.60633
129,5,0.60633
129,6,0.60633
129,7,0.60633
129,8,0.60633
129,9,0.60633
129,10,0.60633
129,11,0.60633
129,12,0.60633
129,13,0.60633
129,14,0.60633
129,15,0.60633
129,16,0.60633
129,17,0.60633
129,18,0.60633
129,19,0.60633
129,20,0.60633
129,21,0.60633
129,22,0.60633
129,23,0.60633
129,24,0.60633
129,25,0.60633
129,26,0.60633
129,27,0.60633
129,28,0.60633
129,29,0.60633
129,30,0.60633
129,31,0.60633
129,32,0.60633
129,33,0.60633
129,34,0.60633
129,35,0.60633
130,0,0.60633
130,1,0.60633
130,2,0.60633
130,3,0.60633
130,4,0.60633
130,5,0.60633
130,6,0.60633
130,7,0.60633
130,8,0.60633
130,9,0.60633
130,10,0.60633
130,11,0.60633
130,12,0.60633
130,13,0.60633
130,14,0.60633
130,15,0.60633
130,16,0.60633
130,17,0.60633
130,18,0.60633
130,19,0.60633
130,20,0.60633
130,21,0.60633
130,22,0.60633
130,23,0.60633
130,24,0.60633
130,25,0.60633
130,26,0.60633
130,27,0.60633
130,28,0.60633
130,29,0.60633
130,30,0.60633
130,31,0.60633
130,32,0.60633
130,33,0.60633
130,34,0.60633
130,35,0.60633
131,0,0.60633
131,1,0.60633
131,2,0.60633
131,3,0.60633
131,4,0.60633
131,5,0.60633
131,6,0.60633
131,7,0.60633
131,8,0.60633
131,9,0.60633
131,10,0.60633
131,11,0.60633
131,12,0.60633
131,13,0.60633
131,14,0.60633
131,15,0.60633
131,16,0.60633
131,17,0.60633
131,18,0.60633
131,19,0.60633
131,20,0.60633
131,21,0.60633
131,22,0.60633
131,23,0.60633
131,24,0.60633
131,25,0.60633
131,26,0.60633
131,27,0.60633
131,28,0.60633
131,29,0.60633
131,30,0.60633
131,31,0.60633
131,32,0.60633
131,33,0.60633
131,34,0.60633
131,35,0.60633
132,0,0.60633
132,1,0.60633
132,2,0.60633
132,3,0.60633
132,4,0.60633
132,5,0.60633
132,6,0.60633
132,7,0.60633
132,8,0.60633
132,9,0.60633
132,10,0.60633
132,11,0.60633
132,12,0.60633
132,13,0.60633
132,14,0.60633
132,15,0.60633
132,16,0.60633
132,17,0.60633
132,18,0.60633
132,19,0.60633
132,20,0.60633
132,21,0.60633
132,22,0.60633
132,23,0.60633
132,24,0.60633
132,25,0.60633
132,26,0.60633
132,27,0.60633
132,28,0.60633
132,29,0.60633
132,30,0.60633
132,31,0.60633
132,32,0.60633
132,33,0.60633
132,34,0.60633
132,35,0.60633
133,0,0.60633
133,1,0.60633
133,2,0.60633
133,3,0.60633
133,4,0.60633
133,5,0.60633
133,6,0.60633
133,7,0.60633
133,8,0.60633
133,9,0.60633
133,10,0.60633
133,11,0.60633
133,12,0.60633
133,13,0.60633
133,14,0.60633
133,15,0.60633
133,16,0.60633
133,17,0.60633
133,18,0.60633
133,19,0.60633
133,20,0.60633
133,21,0.60633
133,22,0.60633
133,23,0.60633
133,24,0.60633
133,25,0.60633
133,26,0.60633
133,27,0.60633
133,28,0.60633
133,29,0.60633
133,30,0.60633
133,31,0.60633
133,32,0.60633
133,33,0.60633
133,34,0.60633
133,35,0.60633
134,0,0.60633
134,1,0.60633
134,2,0.60633
134,3,0.60633
134,4,0.60633
134,5,0.60633
134,6,0.60633
134,7,0.60633
134,8,0.60633
134,9,0.60633
134,10,0.60633
134,11,0.60633
134,12,0.60633
134,13,0.60633
134,14,0.60633
134,15,0.60633
134,16,0.60633
134,17,0.60633
134,18,0.60633
134,19,0.60633
134,20,0.60633
134,21,0.60633
134,22,0.60633
134,23,0.60633
134,24,0.60633
134,25,0.60633
134,26,0.60633
134,27,0.60633
134,28,0.60633
134,29,0.60633
134,30,0.60633
134,31,0.60633
134,32,0.60633
134,33,0.60633
134,34,0.60633
134,35,0.60633
135,0,0.60633
135,1,0.60633
135,2,0.60633
135,3,0.60633
135,4,0.60633
135,5,0.60633
135,6,0.60633
135,7,0.60633
135,8,0.60633
135,9,0.60633
135,10,0.60633
135,11,0.60633
135,12,0.60633
135,13,0.60633
135,14,0.60633
135,15,0.60633
135,16,0.60633
135,17,0.60633
135,18,0.60633
135,19,0.60633
135,20,0.60633
135,21,0.60633
135,22,0.60633
135,23,0.60633
135,24,0.60633
135,25,0.60633
135,26,0.60633
135,27,0.60633
135,28,0.60633
135,29,0.60633
135,30,0.60633
135,31,0.60633
135,32,0.60633
135,33,0.60633
135,34,0.60633
135,35,0.60633
136,0,0.60633
136,1,0.60633
136,2,0.60633
136,3,0.60633
136,4,0.60633
136,5,0.60633
136,6,0.60633
136,7,0.60633
136,8,0.60633
136,9,0.60633
136,10,0.60633
136,11,0.60633
136,12,0.60633
136,13,0.60633
136,14,0.60633
136,15,0.60633
136,16,0.60633
136,17,0.60633
136,18,0.60633
136,19,0.60633
136,20,0.60633
136,21,0.60633
136,22,0.60633
136,23,0.60633
136,24,0.60633
136,25,0.60633
136,26,0.60633
136,27,0.60633
136,28,0.60633
136,29,0.60633
136,30,0.60633
136,31,0.60633
136,32,0.60633
136,33,0.60633
136,34,0.60633
136,35,0.60633
137,0,0.60633
137,1,0.60633
137,2,0.60633
137,3,0.60633
137,4,0.60633
137,5,0.60633
137,6,0.60633
137,7,0.60633
137,8,0.60633
137,9,0.60633
137,10,0.60633
137,11,0.60633
137,12,0.60633
137,13,0.60633
137,14,0.60633
137,15,0.60633
137,16,0.60633
137,17,0.60633
137,18,0.60633
137,19,0.60633
137,20,0.60633
137,21,0.60633
137,22,0.60633
137,23,0.60633
137,24,0.60633
137,25,0.60633
137,26,0.60633
137,27,0.60633
137,28,0.60633
137,29,0.60633
137,30,0.60633
137,31,0.60633
137,32,0.60633
137,33,0.60633
137,34,0.60633
137,35,0.60633
138,0,0.60633
138,1,0.60633
138,2,0.60633
138,3,0.60633
138,4,0.60633
138,5,0.60633
138,6,0.60633
138,7,0.60633
138,8,0.60633
138,9,0.60633
138,10,0.60633
138,11,0.60633
138,12,0.60633
138,13,0.60633
138,14,0.60633
138,15,0.60633
138,16,0.60633
138,17,0.60633
138,18,0.60633
138,19,0.60633
138,20,0.60633
138,21,0.60633
138,22,0.60633
138,23,0.60633
138,24,0.60633
138,25,0.60633
138,26,0.60633
138,27,0.60633
138,28,0.60633
138,29,0.60633
138,30,0.60633
138,31,0.60633
138,32,0.60633
138,33,0.60633
138,34,0.60633
138,35,0.60633
139,0,0.60633
139,1,0.60633
139,2,0.60633
139,3,0.60633
139,4,0.60633
139,5,0.60633
139,6,0.60633
139,7,0.60633
139,8,0.60633
139,9,0.60633
139,10,0.60633
139,11,0.60633
139,12,0.60633
139,13,0.60633
139,14,0.60633
139,15,0.60633
139,16,0.60633
139,17,0.60633
139,18,0.60633
139,19,0.60633
139,20,0.60633
139,21,0.60633
139,22,0.60633
139,23,0.60633
139,24,0.60633
139,25,0.60633
139,26,0.60633
139,27,0.60633
139,28,0.60633
139,29,0.60633
139,30,0.60633
139,31,0.60633
139,32,0.60633
139,33,0.60633
139,34,0.60633
139,35,0.60633
140,0,0.60633
140,1,0.60633
140,2,0.60633
140,3,0.60633
140,4,0.60633
140,5,0.60633
140,6,0.60633
140,7,0.60633
140,8,0.60633
140,9,0.60633
140,10,0.60633
140,11,0.60633
140,12,0.60633
140,13,0.60633
140,14,0.60633
140,15,0.60633
140,16,0.60633
140,17,0.60633
140,18,0.60633
140,19,0.60633
140,20,0.60633
140,21,0.60633
140,22,0.60633
140,23,0.60633
140,24,0.60633
140,25,0.60633
140,26,0.60633
140,27,0.60633
140,28,0.60633
140,29,0.60633
140,30,0.60633
140,31,0.60633
140,32,0.60633
140,33,0.60633
140,34,0.60633
140,35,0.60633
141,0,0.60633
141,1,0.60633
141,2,0.60633
141,3,0.60633
141,4,0.60633
141,5,0.60633
141,6,0.60633
141,7,0.60633
141,8,0.60633
141,9,0.60633
141,10,0.60633
141,11,0.60633
141,12,0.60633
141,13,0.60633
141,14,0.60633
141,15,0.60633
141,16,0.60633
141,17,0.60633
141,18,0.60633
141,19,0.60633
141,20,0.60633
141,21,0.60633
141,22,0.60633
141,23,0.60633
141,24,0.60633
141,25,0.60633
141,26,0.60633
141,27,0.60633
141,28,0.60633
141,29,0.60633
141,30,0.60633
141,31,0.60633
141,32,0.60633
141,33,0.60633
141,34,0.60633
141,35,0.60633
142,0,0.60633
142,1,0.60633
142,2,0.60633
142,3,0.60633
142,4,0.60633
142,5,0.60633
142,6,0.60633
142,7,0.60633
142,8,0.60633
142,9,0.60633
142,10,0.60633
142,11,0.60633
142,12,0.60633
142,13,0.60633
142,14,0.60633
142,15,0.60633
142,16,0.60633
142,17,0.60633
142,18,0.60633
142,19,0.60633
142,20,0.60633
142,21,0.60633
142,22,0.60633
142,23,0.60633
142,24,0.60633
142,25,0.60633
142,26,0.60633
142,27,0.60633
142,28,0.60633
142,29,0.60633
142,30,0.60633
142,31,0.60633
142,32,0.60633
142,33,0.60633
142,34,0.60633
142,35,0.60633
143,0,0.60633
143,1,0.60633
143,2,0.60633
143,3,0.60633
143,4,0.60633
143,5,0.60633
143,6,0.60633
143,7,0.60633
143,8,0.60633
143,9,0.60633
143,10,0.60633
143,11,0.60633
143,12,0.60633
143,13,0.60633
143,14,0.60633
143,15,0.60633
143,16,0.60633
143,17,0.60633
143,18,0.60633
143,19,0.60633
143,20,0.60633
143,21,0.60633
143,22,0.60633
143,23,0.60633
143,24,0.60633
143,25,0.60633
143,26,0.60633
143,27,0.60633
143,28,0.60633
143,29,0.60633
143,30,0.60633
143,31,0.60633
143,32,0.60633
143,33,0.60633
143,34,0.60633
143,35,0.60633
144,0,0.60633
144,1,0.60633
144,2,0.60633
144,3,0.60633
144,4,0.60633
144,5,0.60633
144,6,0.60633
144,7,0.60633
144,8,0.60633
144,9,0.60633
144,10,0.60633
144,11,0.60633
144,12,0.60633
144,13,0.60633
144,14,0.60633
144,15,0.60633
144,16,0.60633
144,17,0.60633
144,18,0.60633
144,19,0.60633
144,20,0.60633
144,21,0.60633
144,22,0.60633
144,23,0.60633
144,24,0.60633
144,25,0.60633
144,26,0.60633
144,27,0.60633
144,28,0.60633
144,29,0.60633
144,30,0.60633
144,31,0.60633
144,32,0.60633
144,33,0.60633
144,34,0.60633
144,35,0.60633
145,0,0.60633
145,1,0.60633
145,2,0.60633
145,3,0.60633
145,4,0.60633
145,5,0.60633
145,6,0.60633
145,7,0.60633
145,8,0.60633
145,9,0.60633
145,10,0.60633
145,11,0.60633
145,12,0.60633
145,13,0.60633
145,14,0.60633
145,15,0.60633
145,16,0.60633
145,17,0.60633
145,18,0.60633
145,19,0.60633
145,20,0.60633
145,21,0.60633
145,22,0.60633
145,23,0.60633
145,24,0.60633
145,25,0.60633
145,26,0.60633
145,27,0.60633
145,28,0.60633
145,29,0.60633
145,30,0.60633
145,31,0.60633
145,32,0.60633
145,33,0.60633
145,34,0.60633
145,35,0.60633
146,0,0.60633
146,1,0.60633
146,2,0.60633
146,3,0.60633
146,4,0.60633
146,5,0.60633
146,6,0.60633
146,7,0.60633
146,8,0.60633
146,9,0.60633
146,10,0.60633
146,11,0.60633
146,12,0.60633
146,13,0.60633
146,14,0.60633
146,15,0.60633
146,16,0.60633
146,17,0.60633
146,18,0.60633
146,19,0.60633
146,20,0.60633
146,21,0.60633
146,22,0.60633
146,23,0.60633
146,24,0.60633
146,25,0.60633
146,26,0.60633
146,27,0.60633
146,28,0.60633
146,29,0.60633
146,30,0.60633
146,31,0.60633
146,32,0.60633
146,33,0.60633
146,34,0.60633
146,35,0.60633
147,0,0.60633
147,1,0.60633
147,2,0.60633
147,3,0.60633
147,4,0.60633
147,5,0.60633
147,6,0.60633
147,7,0.60633
147,8,0.60633
147,9,0.60633
147,10,0.60633
147,11,0.60633
147,12,0.60633
147,13,0.60633
147,14,0.60633
147,15,0.60633
147,16,0.60633
147,17,0.60633
147,18,0.60633
147,19,0.60633
147,20,0.60633
147,21,0.60633
147,22,0.60633
147,23,0.60633
147,24,0.60633
147,25,0.60633
147,26,0.60633
147,27,0.60633
147,28,0.60633
147,29,0.60633
147,30,0.60633
147,31,0.60633
147,32,0.60633
147,33,0.60633
147,34,0.60633
147,35,0.60633
148,0,0.60633
148,1,0.60633
148,2,0.60633
148,3,0.60633
148,4,0.60633
148,5,0.60633
148,6,0.60633
148,7,0.60633
148,8,0.60633
148,9,0.60633
148,10,0.60633
148,11,0.60633
148,12,0.60633
148,13,0.60633
148,14,0.60633
148,15,0.60633
148,16,0.60633
148,17,0.60633
148,18,0.60633
148,19,0.60633
148,20,0.60633
148,21,0.60633
148,22,0.60633
148,23,0.60633
148,24,0.60633
148,25,0.60633
148,26,0.60633
148,27,0.60633
148,28,0.60633
148,29,0.60633
148,30,0.60633
148,31,0.60633
148,32,0.60633
148,33,0.60633
148,34,0.60633
148,35,0.60633
149,0,0.60633
149,1,0.60633
149,2,0.60633
149,3,0.60633
149,4,0.60633
149,5,0.60633
149,6,0.60633
149,7,0.60633
149,8,0.60633
149,9,0.60633
149,10,0.60633
149,11,0.60633
149,12,0.60633
149,13,0.60633
149,14,0.60633
149,15,0.60633
149,16,0.60633
149,17,0.60633
149,18,0.60633
149,19,0.60633
149,20,0.60633
149,21,0.60633
149,22,0.60633
149,23,0.60633
149,24,0.60633
149,25,0.60633
149,26,0.60633
149,27,0.60633
149,28,0.60633
149,29,0.60633
149,30,0.60633
149,31,0.60633
149,32,0.60633
149,33,0.60633
149,34,0.60633
149,35,0.60633
150,0,0.60633
150,1,0.60633
150,2,0.60633
150,3,0.60633
150,4,0.60633
150,5,0.60633
150,6,0.60633
150,7,0.60633
150,8,0.60633
150,9,0.60633
150,10,0.60633
150,11,0.60633
150,12,0.60633
150,13,0.60633
150,14,0.60633
150,15,0.60633
150,16,0.60633
150,17,0.60633
150,18,0.60633
150,19,0.60633
150,20,0.60633
150,21,0.60633
150,22,0.60633
150,23,0.60633
150,24,0.60633
150,25,0.60633
150,26,0.60633
150,27,0.60633
150,28,0.60633
150,29,0.60633
150,30,0.60633
150,31,0.60633
150,32,0.60633
150,33,0.60633
150,34,0.60633
150,35,0.60633
151,0,0.60633
151,1,0.60633
151,2,0.60633
151,3,0.60633
151,4,0.60633
151,5,0.60633
151,6,0.60633
151,7,0.60633
151,8,0.60633
151,9,0.60633
151,10,0.60633
151,11,0.60633
151,12,0.60633
151,13,0.60633
151,14,0.60633
151,15,0.60633
151,16,0.60633
151,17,0.60633
151,18,0.60633
151,19,0.60633
151,20,0.60633
151,21,0.60633
151,22,0.60633
151,23,0.60633
151,24,0.60633
151,25,0.60633
151,26,0.60633
151,27,0.60633
151,28,0.60633
151,29,0.60633
151,30,0.60633
151,31,0.60633
151,32,0.60633
151,33,0.60633
151,34,0.60633
151,35,0.60633
152,0,0.60633
152,1,0.60633
152,2,0.60633
152,3,0.60633
152,4,0.60633
152,5,0.60633
152,6,0.60633
152,7,0.60633
152,8,0.60633
152,9,0.60633
152,10,0.60633
152,11,0.60633
152,12,0.60633
152,13,0.60633
152,14,0.60633
152,15,0.60633
152,16,0.60633
152,17,0.60633
152,18,0.60633
152,19,0.60633
152,20,0.60633
152,21,0.60633
152,22,0.60633
152,23,0.60633
152,24,0.60633
152,25,0.60633
152,26,0.60633
152,27,0.60633
152,28,0.60633
152,29,0.60633
152,30,0.60633
152,31,0.60633
152,32,0.60633
152,33,0.60633
152,34,0.60633
152,35,0.60633
153,0,0.60633
153,1,0.60633
153,2,0.60633
153,3,0.60633
153,4,0.60633
153,5,0.60633
153,6,0.60633
153,7,0.60633
153,8,0.60633
153,9,0.60633
153,10,0.60633
153,11,0.60633
153,12,0.60633
153,13,0.60633
153,14,0.60633
153,15,0.60633
153,16,0.60633
153,17,0.60633
153,18,0.60633
153,19,0.60633
153,20,0.60633
153,21,0.60633
153,22,0.60633
153,23,0.60633
153,24,0.60633
153,25,0.60633
153,26,0.60633
153,27,0.60633
153,28,0.60633
153,29,0.60633
153,30,0.60633
153,31,0.60633
153,32,0.60633
153,33,0.60633
153,34,0.60633
153,35,0.60633
154,0,0.60633
154,1,0.60633
154,2,0.60633
154,3,0.60633
154,4,0.60633
154,5,0.60633
154,6,0.60633
154,7,0.60633
154,8,0.60633
154,9,0.60633
154,10,0.60633
154,11,0.60633
154,12,0.60633
154,13,0.60633
154,14,0.60633
154,15,0.60633
154,16,0.60633
154,17,0.60633
154,18,0.60633
154,19,0.60633
154,20,0.60633
154,21,0.60633
154,22,0.60633
154,23,0.60633
154,24,0.60633
154,25,0.60633
154,26,0.60633
154,27,0.60633
154,28,0.60633
154,29,0.60633
154,30,0.60633
154,31,0.60633
154,32,0.60633
154,33,0.60633
154,34,0.60633
154,35,0.60633
155,0,0.60633
155,1,0.60633
155,2,0.60633
155,3,0.60633
155,4,0.60633
155,5,0.60633
155,6,0.60633
155,7,0.60633
155,8,0.60633
155,9,0.60633
155,10,0.60633
155,11,0.60633
155,12,0.60633
155,13,0.60633
155,14,0.60633
155,15,0.60633
155,16,0.60633
155,17,0.60633
155,18,0.60633
155,19,0.60633
155,20,0.60633
155,21,0.60633
155,22,0.60633
155,23,0.60633
155,24,0.60633
155,25,0.60633
155,26,0.60633
155,27,0.60633
155,28,0.60633
155,29,0.60633
155,30,0.60633
155,31,0.60633
155,32,0.60633
155,33,0.60633
155,34,0.60633
155,35,0.60633
156,0,0.60633
156,1,0.60633
156,2,0.60633
156,3,0.60633
156,4,0.60633
156,5,0.60633
156,6,0.60633
156,7,0.60633
156,8,0.60633
156,9,0.60633
156,10,0.60633
156,11,0.60633
156,12,0.60633
156,13,0.60633
156,14,0.60633
156,15,0.60633
156,16,0.60633
156,17,0.60633
156,18,0.60633
156,19,0.60633
156,20,0.60633
156,21,0.60633
156,22,0.60633
156,23,0.60633
156,24,0.60633
156,25,0.60633
156,26,0.60633
156,27,0.60633
156,28,0.60633
156,29,0.60633
156,30,0.60633
156,31,0.60633
156,32,0.60633
156,33,0.60633
156,34,0.60633
156,35,0.60633
